query,keywords,conditions,expect_company,expect_indicator,expect_time,description
深华发A最新的累计现金分红数额,"深华发A,000020.SZ,累计现金分红数额,ACC_DIVIDEND_AMOUNT","ORDER BY,LIMIT 1",深华发A,累计现金分红数额,latest,[dividend] 验证 累计现金分红数额 (table)
2023年平安银行的累计现金分红数额,"平安银行,000001.SZ,累计现金分红数额,ACC_DIVIDEND_AMOUNT",2023,平安银行,累计现金分红数额,2023,[dividend] 验证 累计现金分红数额 (table)
特力A最近一年的累计现金分红次数走势,"特力A,000025.SZ,累计现金分红次数,ACC_DIVIDEND_COUNT",,特力A,累计现金分红次数,1y,[dividend] 验证 累计现金分红次数 (table)
丰原药业最近一年的累计现金分红次数走势,"丰原药业,000153.SZ,累计现金分红次数,ACC_DIVIDEND_COUNT",,丰原药业,累计现金分红次数,1y,[dividend] 验证 累计现金分红次数 (table)
查一下深华发A的累计归母净利润,"深华发A,000020.SZ,累计归母净利润,ACC_NET_PROFIT",,深华发A,累计归母净利润,10y,[dividend] 验证 累计归母净利润 (table)
平安银行的累计归母净利润是多少,"平安银行,000001.SZ,累计归母净利润,ACC_NET_PROFIT",,平安银行,累计归母净利润,10y,[dividend] 验证 累计归母净利润 (table)
中洲控股最新的分红率,"中洲控股,000042.SZ,分红率,DIVIDEND_RATIO","ORDER BY,LIMIT 1",中洲控股,分红率,latest,[dividend] 验证 分红率 (table)
国药一致最新的分红率,"国药一致,000028.SZ,分红率,DIVIDEND_RATIO","ORDER BY,LIMIT 1",国药一致,分红率,latest,[dividend] 验证 分红率 (table)
深粮控股的年度每股股利(税前)是多少,"深粮控股,000019.SZ,年度每股股利(税前),ACC_CASH_DVD_PER_SH_PRE_TAX",,深粮控股,年度每股股利(税前),10y,[dividend] 验证 年度每股股利(税前) (table)
丽珠集团的年度每股股利(税前)是多少,"丽珠集团,000513.SZ,年度每股股利(税前),ACC_CASH_DVD_PER_SH_PRE_TAX",,丽珠集团,年度每股股利(税前),10y,[dividend] 验证 年度每股股利(税前) (table)
截至2023年底华天酒店的年度累计现金分红总额,"华天酒店,000428.SZ,年度累计现金分红总额,ACC_TOT_CASH_DVD","<=,2023",华天酒店,年度累计现金分红总额,until_2023,[dividend] 验证 年度累计现金分红总额 (table)
国际医学最新的年度累计现金分红总额,"国际医学,000516.SZ,年度累计现金分红总额,ACC_TOT_CASH_DVD","ORDER BY,LIMIT 1",国际医学,年度累计现金分红总额,latest,[dividend] 验证 年度累计现金分红总额 (table)
京基智农最新的年度现金分红比例,"京基智农,000048.SZ,年度现金分红比例,ACC_TOT_CASH_DVD_RATE","ORDER BY,LIMIT 1",京基智农,年度现金分红比例,latest,[dividend] 验证 年度现金分红比例 (table)
截至2023年底华控赛格的年度现金分红比例,"华控赛格,000068.SZ,年度现金分红比例,ACC_TOT_CASH_DVD_RATE","<=,2023",华控赛格,年度现金分红比例,until_2023,[dividend] 验证 年度现金分红比例 (table)
查一下深深房A的已宣告分红金额,"深深房A,000029.SZ,已宣告分红金额,DEC_DIV_CASH",,深深房A,已宣告分红金额,10y,[dividend] 验证 已宣告分红金额 (table)
2023年皇庭国际的已宣告分红金额,"皇庭国际,000056.SZ,已宣告分红金额,DEC_DIV_CASH",2023,皇庭国际,已宣告分红金额,2023,[dividend] 验证 已宣告分红金额 (table)
德赛电池的股息率是多少,"德赛电池,000049.SZ,股息率,DIV_YIELD",,德赛电池,股息率,10y,[dividend] 验证 股息率 (table)
查一下深科技的股息率,"深科技,000021.SZ,股息率,DIV_YIELD",,深科技,股息率,10y,[dividend] 验证 股息率 (table)
中联重科的前复权收盘价是多少,"中联重科,000157.SZ,前复权收盘价,ADJCLOSE_BACKWARD",TRADE_DT,中联重科,前复权收盘价,10y,[market] 验证 前复权收盘价 (kline)
派林生物最新的前复权收盘价,"派林生物,000403.SZ,前复权收盘价,ADJCLOSE_BACKWARD","ORDER BY,LIMIT 1,TRADE_DT",派林生物,前复权收盘价,latest,[market] 验证 前复权收盘价 (kline)
京粮控股最近一年的复权收盘价走势,"京粮控股,000505.SZ,复权收盘价,ADJCLOSE_PRICE",TRADE_DT,京粮控股,复权收盘价,1y,[market] 验证 复权收盘价 (kline)
海王生物最新的复权收盘价,"海王生物,000078.SZ,复权收盘价,ADJCLOSE_PRICE","ORDER BY,LIMIT 1,TRADE_DT",海王生物,复权收盘价,latest,[market] 验证 复权收盘价 (kline)
2023年金隅冀东的前复权最高价,"金隅冀东,000401.SZ,前复权最高价,ADJHIGH_BACKWARD","2023,TRADE_DT",金隅冀东,前复权最高价,2023,[market] 验证 前复权最高价 (kline)
2023年藏格矿业的前复权最高价,"藏格矿业,000408.SZ,前复权最高价,ADJHIGH_BACKWARD","2023,TRADE_DT",藏格矿业,前复权最高价,2023,[market] 验证 前复权最高价 (kline)
TCL科技的复权最高价是多少,"TCL科技,000100.SZ,复权最高价,ADJHIGH_PRICE",TRADE_DT,TCL科技,复权最高价,10y,[market] 验证 复权最高价 (kline)
查一下中国宝安的复权最高价,"中国宝安,000009.SZ,复权最高价,ADJHIGH_PRICE",TRADE_DT,中国宝安,复权最高价,10y,[market] 验证 复权最高价 (kline)
华侨城A最新的前复权最低价,"华侨城A,000069.SZ,前复权最低价,ADJLOW_BACKWARD","ORDER BY,LIMIT 1,TRADE_DT",华侨城A,前复权最低价,latest,[market] 验证 前复权最低价 (kline)
许继电气最新的前复权最低价,"许继电气,000400.SZ,前复权最低价,ADJLOW_BACKWARD","ORDER BY,LIMIT 1,TRADE_DT",许继电气,前复权最低价,latest,[market] 验证 前复权最低价 (kline)
2023年美的集团的复权最低价,"美的集团,000333.SZ,复权最低价,ADJLOW_PRICE","2023,TRADE_DT",美的集团,复权最低价,2023,[market] 验证 复权最低价 (kline)
特力A最新的复权最低价,"特力A,000025.SZ,复权最低价,ADJLOW_PRICE","ORDER BY,LIMIT 1,TRADE_DT",特力A,复权最低价,latest,[market] 验证 复权最低价 (kline)
深科技最近一年的前复权开盘价走势,"深科技,000021.SZ,前复权开盘价,ADJOPEN_BACKWARD",TRADE_DT,深科技,前复权开盘价,1y,[market] 验证 前复权开盘价 (kline)
深振业A最新的前复权开盘价,"深振业A,000006.SZ,前复权开盘价,ADJOPEN_BACKWARD","ORDER BY,LIMIT 1,TRADE_DT",深振业A,前复权开盘价,latest,[market] 验证 前复权开盘价 (kline)
皇庭国际的复权开盘价是多少,"皇庭国际,000056.SZ,复权开盘价,ADJOPEN_PRICE",TRADE_DT,皇庭国际,复权开盘价,10y,[market] 验证 复权开盘价 (kline)
截至2023年底ST晨鸣的复权开盘价,"ST晨鸣,000488.SZ,复权开盘价,ADJOPEN_PRICE","<=,2023,TRADE_DT",ST晨鸣,复权开盘价,until_2023,[market] 验证 复权开盘价 (kline)
查一下农产品的前复权昨收盘价,"农产品,000061.SZ,前复权昨收盘价,ADJPRECLOSE_BACKWARD",TRADE_DT,农产品,前复权昨收盘价,10y,[market] 验证 前复权昨收盘价 (kline)
广聚能源最近一年的前复权昨收盘价走势,"广聚能源,000096.SZ,前复权昨收盘价,ADJPRECLOSE_BACKWARD",TRADE_DT,广聚能源,前复权昨收盘价,1y,[market] 验证 前复权昨收盘价 (kline)
2023年京基智农的复权昨收盘价,"京基智农,000048.SZ,复权昨收盘价,ADJPRECLOSE_PRICE","2023,TRADE_DT",京基智农,复权昨收盘价,2023,[market] 验证 复权昨收盘价 (kline)
查一下万科A的复权昨收盘价,"万科A,000002.SZ,复权昨收盘价,ADJPRECLOSE_PRICE",TRADE_DT,万科A,复权昨收盘价,10y,[market] 验证 复权昨收盘价 (kline)
华数传媒的周ALPHA(近100周)是多少,"华数传媒,000156.SZ,周ALPHA(近100周),ALPHA_100W",,华数传媒,周ALPHA(近100周),10y,[market] 验证 周ALPHA(近100周) (line)
2023年美的集团的周ALPHA(近100周),"美的集团,000333.SZ,周ALPHA(近100周),ALPHA_100W",2023,美的集团,周ALPHA(近100周),2023,[market] 验证 周ALPHA(近100周) (line)
南玻A最近一年的月ALPHA(近24月)走势,"南玻A,000012.SZ,月ALPHA(近24月),ALPHA_24M",,南玻A,月ALPHA(近24月),1y,[market] 验证 月ALPHA(近24月) (line)
2023年中金岭南的月ALPHA(近24月),"中金岭南,000060.SZ,月ALPHA(近24月),ALPHA_24M",2023,中金岭南,月ALPHA(近24月),2023,[market] 验证 月ALPHA(近24月) (line)
截至2023年底珠海港的月ALPHA(近60月),"珠海港,000507.SZ,月ALPHA(近60月),ALPHA_60M","<=,2023",珠海港,月ALPHA(近60月),until_2023,[market] 验证 月ALPHA(近60月) (line)
2023年深天马A的月ALPHA(近60月),"深天马A,000050.SZ,月ALPHA(近60月),ALPHA_60M",2023,深天马A,月ALPHA(近60月),2023,[market] 验证 月ALPHA(近60月) (line)
神州高铁最近一年的日ALPHA(近1年)走势,"神州高铁,000008.SZ,日ALPHA(近1年),ALPHA_DAY_1Y",,神州高铁,日ALPHA(近1年),1y,[market] 验证 日ALPHA(近1年) (line)
粤高速A最近一年的日ALPHA(近1年)走势,"粤高速A,000429.SZ,日ALPHA(近1年),ALPHA_DAY_1Y",,粤高速A,日ALPHA(近1年),1y,[market] 验证 日ALPHA(近1年) (line)
截至2023年底东阿阿胶的日ALPHA(近2年),"东阿阿胶,000423.SZ,日ALPHA(近2年),ALPHA_DAY_2Y","<=,2023",东阿阿胶,日ALPHA(近2年),until_2023,[market] 验证 日ALPHA(近2年) (line)
截至2023年底英特集团的日ALPHA(近2年),"英特集团,000411.SZ,日ALPHA(近2年),ALPHA_DAY_2Y","<=,2023",英特集团,日ALPHA(近2年),until_2023,[market] 验证 日ALPHA(近2年) (line)
截至2023年底广聚能源的成交额(本月以来),"广聚能源,000096.SZ,成交额(本月以来),AMOUNT_M","<=,2023",广聚能源,成交额(本月以来),until_2023,[market] 验证 成交额(本月以来) (line)
富奥股份最近一年的成交额(本月以来)走势,"富奥股份,000030.SZ,成交额(本月以来),AMOUNT_M",,富奥股份,成交额(本月以来),1y,[market] 验证 成交额(本月以来) (line)
国际实业最近一年的成交额(本周以来)走势,"国际实业,000159.SZ,成交额(本周以来),AMOUNT_W",,国际实业,成交额(本周以来),1y,[market] 验证 成交额(本周以来) (line)
截至2023年底神州高铁的成交额(本周以来),"神州高铁,000008.SZ,成交额(本周以来),AMOUNT_W","<=,2023",神州高铁,成交额(本周以来),until_2023,[market] 验证 成交额(本周以来) (line)
2023年TCL科技的周BETA(近100周),"TCL科技,000100.SZ,周BETA(近100周),BETA_100W",2023,TCL科技,周BETA(近100周),2023,[market] 验证 周BETA(近100周) (line)
查一下京粮控股的周BETA(近100周),"京粮控股,000505.SZ,周BETA(近100周),BETA_100W",,京粮控股,周BETA(近100周),10y,[market] 验证 周BETA(近100周) (line)
中兴通讯的月BETA(近24月)是多少,"中兴通讯,000063.SZ,月BETA(近24月),BETA_24M",,中兴通讯,月BETA(近24月),10y,[market] 验证 月BETA(近24月) (line)
飞亚达最近一年的月BETA(近24月)走势,"飞亚达,000026.SZ,月BETA(近24月),BETA_24M",,飞亚达,月BETA(近24月),1y,[market] 验证 月BETA(近24月) (line)
云鼎科技最近一年的月BETA(近60月)走势,"云鼎科技,000409.SZ,月BETA(近60月),BETA_60M",,云鼎科技,月BETA(近60月),1y,[market] 验证 月BETA(近60月) (line)
2023年农产品的月BETA(近60月),"农产品,000061.SZ,月BETA(近60月),BETA_60M",2023,农产品,月BETA(近60月),2023,[market] 验证 月BETA(近60月) (line)
申万宏源的日BETA(近1年)是多少,"申万宏源,000166.SZ,日BETA(近1年),BETA_DAY_1Y",,申万宏源,日BETA(近1年),10y,[market] 验证 日BETA(近1年) (line)
截至2023年底华控赛格的日BETA(近1年),"华控赛格,000068.SZ,日BETA(近1年),BETA_DAY_1Y","<=,2023",华控赛格,日BETA(近1年),until_2023,[market] 验证 日BETA(近1年) (line)
查一下富奥股份的日BETA(近2年),"富奥股份,000030.SZ,日BETA(近2年),BETA_DAY_2Y",,富奥股份,日BETA(近2年),10y,[market] 验证 日BETA(近2年) (line)
2023年天健集团的日BETA(近2年),"天健集团,000090.SZ,日BETA(近2年),BETA_DAY_2Y",2023,天健集团,日BETA(近2年),2023,[market] 验证 日BETA(近2年) (line)
吉林化纤最近一年的流通股本走势,"吉林化纤,000420.SZ,流通股本,FLOAT_A_SHR_TODAY",,吉林化纤,流通股本,1y,[market] 验证 流通股本 (line)
2023年天健集团的流通股本,"天健集团,000090.SZ,流通股本,FLOAT_A_SHR_TODAY",2023,天健集团,流通股本,2023,[market] 验证 流通股本 (line)
深振业A的周平均涨跌幅(近100周)是多少,"深振业A,000006.SZ,周平均涨跌幅(近100周),PCT_CHANGE_AVE_100W",,深振业A,周平均涨跌幅(近100周),10y,[market] 验证 周平均涨跌幅(近100周) (line)
粤高速A的周平均涨跌幅(近100周)是多少,"粤高速A,000429.SZ,周平均涨跌幅(近100周),PCT_CHANGE_AVE_100W",,粤高速A,周平均涨跌幅(近100周),10y,[market] 验证 周平均涨跌幅(近100周) (line)
中金岭南的月平均涨跌幅(近24月)是多少,"中金岭南,000060.SZ,月平均涨跌幅(近24月),PCT_CHANGE_AVE_24M",,中金岭南,月平均涨跌幅(近24月),10y,[market] 验证 月平均涨跌幅(近24月) (line)
截至2023年底富奥股份的月平均涨跌幅(近24月),"富奥股份,000030.SZ,月平均涨跌幅(近24月),PCT_CHANGE_AVE_24M","<=,2023",富奥股份,月平均涨跌幅(近24月),until_2023,[market] 验证 月平均涨跌幅(近24月) (line)
华锦股份最新的月平均涨跌幅(近60月),"华锦股份,000059.SZ,月平均涨跌幅(近60月),PCT_CHANGE_AVE_60M","ORDER BY,LIMIT 1",华锦股份,月平均涨跌幅(近60月),latest,[market] 验证 月平均涨跌幅(近60月) (line)
2023年沙河股份的月平均涨跌幅(近60月),"沙河股份,000014.SZ,月平均涨跌幅(近60月),PCT_CHANGE_AVE_60M",2023,沙河股份,月平均涨跌幅(近60月),2023,[market] 验证 月平均涨跌幅(近60月) (line)
2023年盐田港的涨跌幅(本月以来),"盐田港,000088.SZ,涨跌幅(本月以来),PCT_CHANGE_M",2023,盐田港,涨跌幅(本月以来),2023,[market] 验证 涨跌幅(本月以来) (line)
查一下华控赛格的涨跌幅(本月以来),"华控赛格,000068.SZ,涨跌幅(本月以来),PCT_CHANGE_M",,华控赛格,涨跌幅(本月以来),10y,[market] 验证 涨跌幅(本月以来) (line)
川能动力最近一年的涨跌幅(本周以来)走势,"川能动力,000155.SZ,涨跌幅(本周以来),PCT_CHANGE_W",,川能动力,涨跌幅(本周以来),1y,[market] 验证 涨跌幅(本周以来) (line)
2023年潍柴动力的涨跌幅(本周以来),"潍柴动力,000338.SZ,涨跌幅(本周以来),PCT_CHANGE_W",2023,潍柴动力,涨跌幅(本周以来),2023,[market] 验证 涨跌幅(本周以来) (line)
藏格矿业最新的昨收盘价,"藏格矿业,000408.SZ,昨收盘价,PRECLOSE_PRICE","ORDER BY,LIMIT 1,TRADE_DT",藏格矿业,昨收盘价,latest,[market] 验证 昨收盘价 (kline)
2023年云鼎科技的昨收盘价,"云鼎科技,000409.SZ,昨收盘价,PRECLOSE_PRICE","2023,TRADE_DT",云鼎科技,昨收盘价,2023,[market] 验证 昨收盘价 (kline)
深圳机场的周收益率标准差(近100周)是多少,"深圳机场,000089.SZ,周收益率标准差(近100周),STD_DEVIATION_100W",,深圳机场,周收益率标准差(近100周),10y,[market] 验证 周收益率标准差(近100周) (line)
2023年深南电A的周收益率标准差(近100周),"深南电A,000037.SZ,周收益率标准差(近100周),STD_DEVIATION_100W",2023,深南电A,周收益率标准差(近100周),2023,[market] 验证 周收益率标准差(近100周) (line)
全新好的月收益率标准差(近24月)是多少,"全新好,000007.SZ,月收益率标准差(近24月),STD_DEVIATION_24M",,全新好,月收益率标准差(近24月),10y,[market] 验证 月收益率标准差(近24月) (line)
2023年海王生物的月收益率标准差(近24月),"海王生物,000078.SZ,月收益率标准差(近24月),STD_DEVIATION_24M",2023,海王生物,月收益率标准差(近24月),2023,[market] 验证 月收益率标准差(近24月) (line)
*ST张股的月收益率标准差(近60月)是多少,"*ST张股,000430.SZ,月收益率标准差(近60月),STD_DEVIATION_60M",,*ST张股,月收益率标准差(近60月),10y,[market] 验证 月收益率标准差(近60月) (line)
查一下沈阳机床的月收益率标准差(近60月),"沈阳机床,000410.SZ,月收益率标准差(近60月),STD_DEVIATION_60M",,沈阳机床,月收益率标准差(近60月),10y,[market] 验证 月收益率标准差(近60月) (line)
查一下富奥股份的成交金额,"富奥股份,000030.SZ,成交金额,S_DQ_AMOUNT",,富奥股份,成交金额,10y,[market] 验证 成交金额 (line)
截至2023年底渝开发的成交金额,"渝开发,000514.SZ,成交金额,S_DQ_AMOUNT","<=,2023",渝开发,成交金额,until_2023,[market] 验证 成交金额 (line)
中集集团最新的涨跌,"中集集团,000039.SZ,涨跌,S_DQ_CHANGE","ORDER BY,LIMIT 1",中集集团,涨跌,latest,[market] 验证 涨跌 (line)
中信海直最新的涨跌,"中信海直,000099.SZ,涨跌,S_DQ_CHANGE","ORDER BY,LIMIT 1",中信海直,涨跌,latest,[market] 验证 涨跌 (line)
通程控股最新的收盘价,"通程控股,000419.SZ,收盘价,S_DQ_CLOSE","ORDER BY,LIMIT 1,TRADE_DT",通程控股,收盘价,latest,[market] 验证 收盘价 (kline)
深圳华强最新的收盘价,"深圳华强,000062.SZ,收盘价,S_DQ_CLOSE","ORDER BY,LIMIT 1,TRADE_DT",深圳华强,收盘价,latest,[market] 验证 收盘价 (kline)
截至2023年底中金岭南的最高价,"中金岭南,000060.SZ,最高价,S_DQ_HIGH","<=,2023,TRADE_DT",中金岭南,最高价,until_2023,[market] 验证 最高价 (kline)
平安银行最新的最高价,"平安银行,000001.SZ,最高价,S_DQ_HIGH","ORDER BY,LIMIT 1,TRADE_DT",平安银行,最高价,latest,[market] 验证 最高价 (kline)
查一下潍柴动力的最低价,"潍柴动力,000338.SZ,最低价,S_DQ_LOW",TRADE_DT,潍柴动力,最低价,10y,[market] 验证 最低价 (kline)
查一下中集集团的最低价,"中集集团,000039.SZ,最低价,S_DQ_LOW",TRADE_DT,中集集团,最低价,10y,[market] 验证 最低价 (kline)
英特集团的流通市值是多少,"英特集团,000411.SZ,流通市值,S_DQ_MV",,英特集团,流通市值,10y,[market] 验证 流通市值 (line)
*ST国华最新的流通市值,"*ST国华,000004.SZ,流通市值,S_DQ_MV","ORDER BY,LIMIT 1",*ST国华,流通市值,latest,[market] 验证 流通市值 (line)
深康佳A最新的开盘价,"深康佳A,000016.SZ,开盘价,S_DQ_OPEN","ORDER BY,LIMIT 1,TRADE_DT",深康佳A,开盘价,latest,[market] 验证 开盘价 (kline)
查一下海王生物的开盘价,"海王生物,000078.SZ,开盘价,S_DQ_OPEN",TRADE_DT,海王生物,开盘价,10y,[market] 验证 开盘价 (kline)
深华发A最近一年的涨跌幅走势,"深华发A,000020.SZ,涨跌幅,S_DQ_PCTCHANGE",,深华发A,涨跌幅,1y,[market] 验证 涨跌幅 (line)
查一下*ST国华的涨跌幅,"*ST国华,000004.SZ,涨跌幅,S_DQ_PCTCHANGE",,*ST国华,涨跌幅,10y,[market] 验证 涨跌幅 (line)
海王生物最新的成交量,"海王生物,000078.SZ,成交量,S_DQ_VOLUME","ORDER BY,LIMIT 1,TRADE_DT",海王生物,成交量,latest,[market] 验证 成交量 (kline)
2023年*ST国华的成交量,"*ST国华,000004.SZ,成交量,S_DQ_VOLUME","2023,TRADE_DT",*ST国华,成交量,2023,[market] 验证 成交量 (kline)
查一下特发信息的日换手率,"特发信息,000070.SZ,日换手率,TURNOVER_D",,特发信息,日换手率,10y,[market] 验证 日换手率 (line)
华联控股的日换手率是多少,"华联控股,000036.SZ,日换手率,TURNOVER_D",,华联控股,日换手率,10y,[market] 验证 日换手率 (line)
全新好最新的日换手率(自由流通股本),"全新好,000007.SZ,日换手率(自由流通股本),TURNOVER_D_FLOAT","ORDER BY,LIMIT 1",全新好,日换手率(自由流通股本),latest,[market] 验证 日换手率(自由流通股本) (line)
截至2023年底深物业A的日换手率(自由流通股本),"深物业A,000011.SZ,日换手率(自由流通股本),TURNOVER_D_FLOAT","<=,2023",深物业A,日换手率(自由流通股本),until_2023,[market] 验证 日换手率(自由流通股本) (line)
2023年中成股份的月换手率,"中成股份,000151.SZ,月换手率,TURNOVER_M",2023,中成股份,月换手率,2023,[market] 验证 月换手率 (line)
珠海港的月换手率是多少,"珠海港,000507.SZ,月换手率,TURNOVER_M",,珠海港,月换手率,10y,[market] 验证 月换手率 (line)
2023年华联控股的月平均换手率,"华联控股,000036.SZ,月平均换手率,TURNOVER_M_AVE",2023,华联控股,月平均换手率,2023,[market] 验证 月平均换手率 (line)
沈阳机床的月平均换手率是多少,"沈阳机床,000410.SZ,月平均换手率,TURNOVER_M_AVE",,沈阳机床,月平均换手率,10y,[market] 验证 月平均换手率 (line)
2023年平安银行的月平均换手率(自由流通股本),"平安银行,000001.SZ,月平均换手率(自由流通股本),TURNOVER_M_AVE_FLOAT",2023,平安银行,月平均换手率(自由流通股本),2023,[market] 验证 月平均换手率(自由流通股本) (line)
德赛电池最近一年的月平均换手率(自由流通股本)走势,"德赛电池,000049.SZ,月平均换手率(自由流通股本),TURNOVER_M_AVE_FLOAT",,德赛电池,月平均换手率(自由流通股本),1y,[market] 验证 月平均换手率(自由流通股本) (line)
2023年TCL科技的月换手率(自由流通股本),"TCL科技,000100.SZ,月换手率(自由流通股本),TURNOVER_M_FLOAT",2023,TCL科技,月换手率(自由流通股本),2023,[market] 验证 月换手率(自由流通股本) (line)
2023年深科技的月换手率(自由流通股本),"深科技,000021.SZ,月换手率(自由流通股本),TURNOVER_M_FLOAT",2023,深科技,月换手率(自由流通股本),2023,[market] 验证 月换手率(自由流通股本) (line)
截至2023年底丽珠集团的周换手率,"丽珠集团,000513.SZ,周换手率,TURNOVER_W","<=,2023",丽珠集团,周换手率,until_2023,[market] 验证 周换手率 (line)
截至2023年底华天酒店的周换手率,"华天酒店,000428.SZ,周换手率,TURNOVER_W","<=,2023",华天酒店,周换手率,until_2023,[market] 验证 周换手率 (line)
派林生物的周平均换手率是多少,"派林生物,000403.SZ,周平均换手率,TURNOVER_W_AVE",,派林生物,周平均换手率,10y,[market] 验证 周平均换手率 (line)
2023年吉林化纤的周平均换手率,"吉林化纤,000420.SZ,周平均换手率,TURNOVER_W_AVE",2023,吉林化纤,周平均换手率,2023,[market] 验证 周平均换手率 (line)
2023年英特集团的周平均换手率(自由流通股本),"英特集团,000411.SZ,周平均换手率(自由流通股本),TURNOVER_W_AVE_FLOAT",2023,英特集团,周平均换手率(自由流通股本),2023,[market] 验证 周平均换手率(自由流通股本) (line)
中国宝安最新的周平均换手率(自由流通股本),"中国宝安,000009.SZ,周平均换手率(自由流通股本),TURNOVER_W_AVE_FLOAT","ORDER BY,LIMIT 1",中国宝安,周平均换手率(自由流通股本),latest,[market] 验证 周平均换手率(自由流通股本) (line)
兴业银锡的周换手率(自由流通股本)是多少,"兴业银锡,000426.SZ,周换手率(自由流通股本),TURNOVER_W_FLOAT",,兴业银锡,周换手率(自由流通股本),10y,[market] 验证 周换手率(自由流通股本) (line)
国际实业的周换手率(自由流通股本)是多少,"国际实业,000159.SZ,周换手率(自由流通股本),TURNOVER_W_FLOAT",,国际实业,周换手率(自由流通股本),10y,[market] 验证 周换手率(自由流通股本) (line)
查一下渝开发的周收益率方差(近100周),"渝开发,000514.SZ,周收益率方差(近100周),VARIANCE_100W",,渝开发,周收益率方差(近100周),10y,[market] 验证 周收益率方差(近100周) (line)
深圳能源的周收益率方差(近100周)是多少,"深圳能源,000027.SZ,周收益率方差(近100周),VARIANCE_100W",,深圳能源,周收益率方差(近100周),10y,[market] 验证 周收益率方差(近100周) (line)
截至2023年底合百集团的月收益率方差(近24月),"合百集团,000417.SZ,月收益率方差(近24月),VARIANCE_24M","<=,2023",合百集团,月收益率方差(近24月),until_2023,[market] 验证 月收益率方差(近24月) (line)
查一下平安银行的月收益率方差(近24月),"平安银行,000001.SZ,月收益率方差(近24月),VARIANCE_24M",,平安银行,月收益率方差(近24月),10y,[market] 验证 月收益率方差(近24月) (line)
渤海租赁最近一年的月收益率方差(近60月)走势,"渤海租赁,000415.SZ,月收益率方差(近60月),VARIANCE_60M",,渤海租赁,月收益率方差(近60月),1y,[market] 验证 月收益率方差(近60月) (line)
深物业A最新的月收益率方差(近60月),"深物业A,000011.SZ,月收益率方差(近60月),VARIANCE_60M","ORDER BY,LIMIT 1",深物业A,月收益率方差(近60月),latest,[market] 验证 月收益率方差(近60月) (line)
中金岭南最近一年的成交量(本月以来)走势,"中金岭南,000060.SZ,成交量(本月以来),VOLUME_M",TRADE_DT,中金岭南,成交量(本月以来),1y,[market] 验证 成交量(本月以来) (kline)
徐工机械最近一年的成交量(本月以来)走势,"徐工机械,000425.SZ,成交量(本月以来),VOLUME_M",TRADE_DT,徐工机械,成交量(本月以来),1y,[market] 验证 成交量(本月以来) (kline)
深天马A最新的成交量(本周以来),"深天马A,000050.SZ,成交量(本周以来),VOLUME_W","ORDER BY,LIMIT 1,TRADE_DT",深天马A,成交量(本周以来),latest,[market] 验证 成交量(本周以来) (kline)
查一下丽珠集团的成交量(本周以来),"丽珠集团,000513.SZ,成交量(本周以来),VOLUME_W",TRADE_DT,丽珠集团,成交量(本周以来),10y,[market] 验证 成交量(本周以来) (kline)
查一下深桑达A的流通股本,"深桑达A,000032.SZ,流通股本,FLOAT_A_SHR_TODAY",,深桑达A,流通股本,10y,[market] 验证 流通股本 (line)
截至2023年底武商集团的流通股本,"武商集团,000501.SZ,流通股本,FLOAT_A_SHR_TODAY","<=,2023",武商集团,流通股本,until_2023,[market] 验证 流通股本 (line)
查一下英特集团的涨跌,"英特集团,000411.SZ,涨跌,S_DQ_CHANGE",,英特集团,涨跌,10y,[market] 验证 涨跌 (line)
深圳机场最近一年的涨跌走势,"深圳机场,000089.SZ,涨跌,S_DQ_CHANGE",,深圳机场,涨跌,1y,[market] 验证 涨跌 (line)
国际实业的收盘价是多少,"国际实业,000159.SZ,收盘价,S_DQ_CLOSE",TRADE_DT,国际实业,收盘价,10y,[market] 验证 收盘价 (kline)
合百集团最新的收盘价,"合百集团,000417.SZ,收盘价,S_DQ_CLOSE","ORDER BY,LIMIT 1,TRADE_DT",合百集团,收盘价,latest,[market] 验证 收盘价 (kline)
方大集团的最高价是多少,"方大集团,000055.SZ,最高价,S_DQ_HIGH",TRADE_DT,方大集团,最高价,10y,[market] 验证 最高价 (kline)
截至2023年底国新健康的最高价,"国新健康,000503.SZ,最高价,S_DQ_HIGH","<=,2023,TRADE_DT",国新健康,最高价,until_2023,[market] 验证 最高价 (kline)
中国长城最近一年的最低价走势,"中国长城,000066.SZ,最低价,S_DQ_LOW",TRADE_DT,中国长城,最低价,1y,[market] 验证 最低价 (kline)
华控赛格最近一年的最低价走势,"华控赛格,000068.SZ,最低价,S_DQ_LOW",TRADE_DT,华控赛格,最低价,1y,[market] 验证 最低价 (kline)
ST晨鸣最近一年的流通市值走势,"ST晨鸣,000488.SZ,流通市值,S_DQ_MV",,ST晨鸣,流通市值,1y,[market] 验证 流通市值 (line)
川能动力的流通市值是多少,"川能动力,000155.SZ,流通市值,S_DQ_MV",,川能动力,流通市值,10y,[market] 验证 流通市值 (line)
2023年徐工机械的开盘价,"徐工机械,000425.SZ,开盘价,S_DQ_OPEN","2023,TRADE_DT",徐工机械,开盘价,2023,[market] 验证 开盘价 (kline)
全新好的开盘价是多少,"全新好,000007.SZ,开盘价,S_DQ_OPEN",TRADE_DT,全新好,开盘价,10y,[market] 验证 开盘价 (kline)
2023年珠海港的涨跌幅,"珠海港,000507.SZ,涨跌幅,S_DQ_PCTCHANGE",2023,珠海港,涨跌幅,2023,[market] 验证 涨跌幅 (line)
查一下中成股份的涨跌幅,"中成股份,000151.SZ,涨跌幅,S_DQ_PCTCHANGE",,中成股份,涨跌幅,10y,[market] 验证 涨跌幅 (line)
华锦股份的成交量是多少,"华锦股份,000059.SZ,成交量,S_DQ_VOLUME",TRADE_DT,华锦股份,成交量,10y,[market] 验证 成交量 (kline)
截至2023年底华控赛格的成交量,"华控赛格,000068.SZ,成交量,S_DQ_VOLUME","<=,2023,TRADE_DT",华控赛格,成交量,until_2023,[market] 验证 成交量 (kline)
胜利股份的市净率PB(LF)是多少,"胜利股份,000407.SZ,市净率PB(LF),PB",,胜利股份,市净率PB(LF),10y,[valuation] 验证 市净率PB(LF) (band)
农产品最新的市净率PB(LF),"农产品,000061.SZ,市净率PB(LF),PB","ORDER BY,LIMIT 1",农产品,市净率PB(LF),latest,[valuation] 验证 市净率PB(LF) (band)
查一下*ST国华的市盈率PE(LYR),"*ST国华,000004.SZ,市盈率PE(LYR),PE",,*ST国华,市盈率PE(LYR),10y,[valuation] 验证 市盈率PE(LYR) (band)
美丽生态最近一年的市盈率PE(LYR)走势,"美丽生态,000010.SZ,市盈率PE(LYR),PE",,美丽生态,市盈率PE(LYR),1y,[valuation] 验证 市盈率PE(LYR) (band)
湖北宜化最近一年的市盈率PE(TTM)走势,"湖北宜化,000422.SZ,市盈率PE(TTM),PE_TTM",,湖北宜化,市盈率PE(TTM),1y,[valuation] 验证 市盈率PE(TTM) (band)
特发信息最新的市盈率PE(TTM),"特发信息,000070.SZ,市盈率PE(TTM),PE_TTM","ORDER BY,LIMIT 1",特发信息,市盈率PE(TTM),latest,[valuation] 验证 市盈率PE(TTM) (band)
截至2023年底深中华A的市销率PS(LYR),"深中华A,000017.SZ,市销率PS(LYR),PS","<=,2023",深中华A,市销率PS(LYR),until_2023,[valuation] 验证 市销率PS(LYR) (band)
查一下华锦股份的市销率PS(LYR),"华锦股份,000059.SZ,市销率PS(LYR),PS",,华锦股份,市销率PS(LYR),10y,[valuation] 验证 市销率PS(LYR) (band)
截至2023年底英特集团的市销率PS(TTM),"英特集团,000411.SZ,市销率PS(TTM),PS_TTM","<=,2023",英特集团,市销率PS(TTM),until_2023,[valuation] 验证 市销率PS(TTM) (band)
查一下美的集团的市销率PS(TTM),"美的集团,000333.SZ,市销率PS(TTM),PS_TTM",,美的集团,市销率PS(TTM),10y,[valuation] 验证 市销率PS(TTM) (band)
截至2023年底湖北宜化的当日收盘价,"湖北宜化,000422.SZ,当日收盘价,S_DQ_CLOSE_TODAY","<=,2023",湖北宜化,当日收盘价,until_2023,[valuation] 验证 当日收盘价 (line)
2023年华塑控股的当日收盘价,"华塑控股,000509.SZ,当日收盘价,S_DQ_CLOSE_TODAY",2023,华塑控股,当日收盘价,2023,[valuation] 验证 当日收盘价 (line)
神州数码最新的股息率(近12个月),"神州数码,000034.SZ,股息率(近12个月),S_VAL_DIVIDENDYIELD2","ORDER BY,LIMIT 1",神州数码,股息率(近12个月),latest,[valuation] 验证 股息率(近12个月) (line)
2023年渝开发的股息率(近12个月),"渝开发,000514.SZ,股息率(近12个月),S_VAL_DIVIDENDYIELD2",2023,渝开发,股息率(近12个月),2023,[valuation] 验证 股息率(近12个月) (line)
合百集团的当日总市值是多少,"合百集团,000417.SZ,当日总市值,S_VAL_MV",,合百集团,当日总市值,10y,[valuation] 验证 当日总市值 (line)
中信海直最新的当日总市值,"中信海直,000099.SZ,当日总市值,S_VAL_MV","ORDER BY,LIMIT 1",中信海直,当日总市值,latest,[valuation] 验证 当日总市值 (line)
海王生物最近一年的PB估值分位数(10Y)走势,"海王生物,000078.SZ,PB估值分位数(10Y),PB_NEW_10Y",,海王生物,PB估值分位数(10Y),1y,[valuation] 验证 PB估值分位数(10Y) (band)
查一下中国长城的PB估值分位数(10Y),"中国长城,000066.SZ,PB估值分位数(10Y),PB_NEW_10Y",,中国长城,PB估值分位数(10Y),10y,[valuation] 验证 PB估值分位数(10Y) (band)
北方国际最近一年的PB估值分位数(3Y)走势,"北方国际,000065.SZ,PB估值分位数(3Y),PB_NEW_3Y",,北方国际,PB估值分位数(3Y),1y,[valuation] 验证 PB估值分位数(3Y) (band)
中集集团最近一年的PB估值分位数(3Y)走势,"中集集团,000039.SZ,PB估值分位数(3Y),PB_NEW_3Y",,中集集团,PB估值分位数(3Y),1y,[valuation] 验证 PB估值分位数(3Y) (band)
特发信息最近一年的PB估值分位数(5Y)走势,"特发信息,000070.SZ,PB估值分位数(5Y),PB_NEW_5Y",,特发信息,PB估值分位数(5Y),1y,[valuation] 验证 PB估值分位数(5Y) (band)
截至2023年底英特集团的PB估值分位数(5Y),"英特集团,000411.SZ,PB估值分位数(5Y),PB_NEW_5Y","<=,2023",英特集团,PB估值分位数(5Y),until_2023,[valuation] 验证 PB估值分位数(5Y) (band)
截至2023年底潍柴动力的PB估值分位数(上市以来),"潍柴动力,000338.SZ,PB估值分位数(上市以来),PB_NEW_SL","<=,2023",潍柴动力,PB估值分位数(上市以来),until_2023,[valuation] 验证 PB估值分位数(上市以来) (band)
截至2023年底云鼎科技的PB估值分位数(上市以来),"云鼎科技,000409.SZ,PB估值分位数(上市以来),PB_NEW_SL","<=,2023",云鼎科技,PB估值分位数(上市以来),until_2023,[valuation] 验证 PB估值分位数(上市以来) (band)
深华发A最新的PE估值分位数(10Y),"深华发A,000020.SZ,PE估值分位数(10Y),PE_TTM_10Y","ORDER BY,LIMIT 1",深华发A,PE估值分位数(10Y),latest,[valuation] 验证 PE估值分位数(10Y) (band)
国新健康最近一年的PE估值分位数(10Y)走势,"国新健康,000503.SZ,PE估值分位数(10Y),PE_TTM_10Y",,国新健康,PE估值分位数(10Y),1y,[valuation] 验证 PE估值分位数(10Y) (band)
查一下*ST张股的PE估值分位数(3Y),"*ST张股,000430.SZ,PE估值分位数(3Y),PE_TTM_3Y",,*ST张股,PE估值分位数(3Y),10y,[valuation] 验证 PE估值分位数(3Y) (band)
南京公用最近一年的PE估值分位数(3Y)走势,"南京公用,000421.SZ,PE估值分位数(3Y),PE_TTM_3Y",,南京公用,PE估值分位数(3Y),1y,[valuation] 验证 PE估值分位数(3Y) (band)
深纺织A最近一年的PE估值分位数(5Y)走势,"深纺织A,000045.SZ,PE估值分位数(5Y),PE_TTM_5Y",,深纺织A,PE估值分位数(5Y),1y,[valuation] 验证 PE估值分位数(5Y) (band)
深康佳A最近一年的PE估值分位数(5Y)走势,"深康佳A,000016.SZ,PE估值分位数(5Y),PE_TTM_5Y",,深康佳A,PE估值分位数(5Y),1y,[valuation] 验证 PE估值分位数(5Y) (band)
查一下*ST生物的PE估值分位数(上市以来),"*ST生物,000504.SZ,PE估值分位数(上市以来),PE_TTM_SL",,*ST生物,PE估值分位数(上市以来),10y,[valuation] 验证 PE估值分位数(上市以来) (band)
京粮控股最新的PE估值分位数(上市以来),"京粮控股,000505.SZ,PE估值分位数(上市以来),PE_TTM_SL","ORDER BY,LIMIT 1",京粮控股,PE估值分位数(上市以来),latest,[valuation] 验证 PE估值分位数(上市以来) (band)
深南电A的PS估值分位数(10Y)是多少,"深南电A,000037.SZ,PS估值分位数(10Y),PS_TTM_10Y",,深南电A,PS估值分位数(10Y),10y,[valuation] 验证 PS估值分位数(10Y) (band)
京粮控股最近一年的PS估值分位数(10Y)走势,"京粮控股,000505.SZ,PS估值分位数(10Y),PS_TTM_10Y",,京粮控股,PS估值分位数(10Y),1y,[valuation] 验证 PS估值分位数(10Y) (band)
全新好最新的PS估值分位数(3Y),"全新好,000007.SZ,PS估值分位数(3Y),PS_TTM_3Y","ORDER BY,LIMIT 1",全新好,PS估值分位数(3Y),latest,[valuation] 验证 PS估值分位数(3Y) (band)
东方盛虹最新的PS估值分位数(3Y),"东方盛虹,000301.SZ,PS估值分位数(3Y),PS_TTM_3Y","ORDER BY,LIMIT 1",东方盛虹,PS估值分位数(3Y),latest,[valuation] 验证 PS估值分位数(3Y) (band)
截至2023年底常山北明的PS估值分位数(5Y),"常山北明,000158.SZ,PS估值分位数(5Y),PS_TTM_5Y","<=,2023",常山北明,PS估值分位数(5Y),until_2023,[valuation] 验证 PS估值分位数(5Y) (band)
查一下北方国际的PS估值分位数(5Y),"北方国际,000065.SZ,PS估值分位数(5Y),PS_TTM_5Y",,北方国际,PS估值分位数(5Y),10y,[valuation] 验证 PS估值分位数(5Y) (band)
截至2023年底新金路的PS估值分位数(上市以来),"新金路,000510.SZ,PS估值分位数(上市以来),PS_TTM_SL","<=,2023",新金路,PS估值分位数(上市以来),until_2023,[valuation] 验证 PS估值分位数(上市以来) (band)
截至2023年底国际实业的PS估值分位数(上市以来),"国际实业,000159.SZ,PS估值分位数(上市以来),PS_TTM_SL","<=,2023",国际实业,PS估值分位数(上市以来),until_2023,[valuation] 验证 PS估值分位数(上市以来) (band)
2023年渝开发的应付票据及应付账款,"渝开发,000514.SZ,应付票据及应付账款,ACCOUNTS_PAYABLE",2023,渝开发,应付票据及应付账款,2023,[financial_statements] 验证 应付票据及应付账款 (table)
特发信息的应付票据及应付账款是多少,"特发信息,000070.SZ,应付票据及应付账款,ACCOUNTS_PAYABLE",,特发信息,应付票据及应付账款,10y,[financial_statements] 验证 应付票据及应付账款 (table)
截至2023年底金融街的应收票据及应收账款,"金融街,000402.SZ,应收票据及应收账款,ACCOUNTS_RECEIVABLE_BILL","<=,2023",金融街,应收票据及应收账款,until_2023,[financial_statements] 验证 应收票据及应收账款 (table)
2023年海王生物的应收票据及应收账款,"海王生物,000078.SZ,应收票据及应收账款,ACCOUNTS_RECEIVABLE_BILL",2023,海王生物,应收票据及应收账款,2023,[financial_statements] 验证 应收票据及应收账款 (table)
深深房A最新的资本公积,"深深房A,000029.SZ,资本公积,CAP_RSRV","ORDER BY,LIMIT 1",深深房A,资本公积,latest,[financial_statements] 验证 资本公积 (table)
中国天楹最近一年的资本公积走势,"中国天楹,000035.SZ,资本公积,CAP_RSRV",,中国天楹,资本公积,1y,[financial_statements] 验证 资本公积 (table)
2023年金融街的股本,"金融街,000402.SZ,股本,CAP_STK",2023,金融街,股本,2023,[financial_statements] 验证 股本 (table)
查一下渤海租赁的股本,"渤海租赁,000415.SZ,股本,CAP_STK",,渤海租赁,股本,10y,[financial_statements] 验证 股本 (table)
深粮控股最近一年的期初现金及现金等价物余额走势,"深粮控股,000019.SZ,期初现金及现金等价物余额,CASH_CASH_EQU_BEG_PERIOD",,深粮控股,期初现金及现金等价物余额,1y,[financial_statements] 验证 期初现金及现金等价物余额 (table)
截至2023年底深桑达A的期初现金及现金等价物余额,"深桑达A,000032.SZ,期初现金及现金等价物余额,CASH_CASH_EQU_BEG_PERIOD","<=,2023",深桑达A,期初现金及现金等价物余额,until_2023,[financial_statements] 验证 期初现金及现金等价物余额 (table)
兴业银锡最近一年的期末现金及现金等价物余额走势,"兴业银锡,000426.SZ,期末现金及现金等价物余额,CASH_CASH_EQU_END_PERIOD",,兴业银锡,期末现金及现金等价物余额,1y,[financial_statements] 验证 期末现金及现金等价物余额 (table)
深圳能源的期末现金及现金等价物余额是多少,"深圳能源,000027.SZ,期末现金及现金等价物余额,CASH_CASH_EQU_END_PERIOD",,深圳能源,期末现金及现金等价物余额,10y,[financial_statements] 验证 期末现金及现金等价物余额 (table)
查一下湖北宜化的投资支付的现金,"湖北宜化,000422.SZ,投资支付的现金,CASH_PAID_INVEST",,湖北宜化,投资支付的现金,10y,[financial_statements] 验证 投资支付的现金 (table)
查一下中洲控股的投资支付的现金,"中洲控股,000042.SZ,投资支付的现金,CASH_PAID_INVEST",,中洲控股,投资支付的现金,10y,[financial_statements] 验证 投资支付的现金 (table)
2023年川能动力的购建固定无形长期资产支付的现金,"川能动力,000155.SZ,购建固定无形长期资产支付的现金,CASH_PAY_ACQ_CONST_FIOLTA",2023,川能动力,购建固定无形长期资产支付的现金,2023,[financial_statements] 验证 购建固定无形长期资产支付的现金 (table)
华锦股份的购建固定无形长期资产支付的现金是多少,"华锦股份,000059.SZ,购建固定无形长期资产支付的现金,CASH_PAY_ACQ_CONST_FIOLTA",,华锦股份,购建固定无形长期资产支付的现金,10y,[financial_statements] 验证 购建固定无形长期资产支付的现金 (table)
查一下京粮控股的为职工支付的现金,"京粮控股,000505.SZ,为职工支付的现金,CASH_PAY_BEH_EMPL",,京粮控股,为职工支付的现金,10y,[financial_statements] 验证 为职工支付的现金 (table)
截至2023年底合百集团的为职工支付的现金,"合百集团,000417.SZ,为职工支付的现金,CASH_PAY_BEH_EMPL","<=,2023",合百集团,为职工支付的现金,until_2023,[financial_statements] 验证 为职工支付的现金 (table)
查一下中金岭南的分配股利利润或偿付利息支付的现金,"中金岭南,000060.SZ,分配股利利润或偿付利息支付的现金,CASH_PAY_DIST_DPCP_INT_EXP",,中金岭南,分配股利利润或偿付利息支付的现金,10y,[financial_statements] 验证 分配股利利润或偿付利息支付的现金 (table)
2023年华侨城A的分配股利利润或偿付利息支付的现金,"华侨城A,000069.SZ,分配股利利润或偿付利息支付的现金,CASH_PAY_DIST_DPCP_INT_EXP",2023,华侨城A,分配股利利润或偿付利息支付的现金,2023,[financial_statements] 验证 分配股利利润或偿付利息支付的现金 (table)
截至2023年底派林生物的购买商品接受劳务支付的现金,"派林生物,000403.SZ,购买商品接受劳务支付的现金,CASH_PAY_GOODS_PURCH_SERV_REC","<=,2023",派林生物,购买商品接受劳务支付的现金,until_2023,[financial_statements] 验证 购买商品接受劳务支付的现金 (table)
藏格矿业最近一年的购买商品接受劳务支付的现金走势,"藏格矿业,000408.SZ,购买商品接受劳务支付的现金,CASH_PAY_GOODS_PURCH_SERV_REC",,藏格矿业,购买商品接受劳务支付的现金,1y,[financial_statements] 验证 购买商品接受劳务支付的现金 (table)
深粮控股最新的取得借款收到的现金,"深粮控股,000019.SZ,取得借款收到的现金,CASH_RECP_BORROW","ORDER BY,LIMIT 1",深粮控股,取得借款收到的现金,latest,[financial_statements] 验证 取得借款收到的现金 (table)
中国宝安最新的取得借款收到的现金,"中国宝安,000009.SZ,取得借款收到的现金,CASH_RECP_BORROW","ORDER BY,LIMIT 1",中国宝安,取得借款收到的现金,latest,[financial_statements] 验证 取得借款收到的现金 (table)
华侨城A最近一年的取得投资收益收到的现金走势,"华侨城A,000069.SZ,取得投资收益收到的现金,CASH_RECP_RETURN_INVEST",,华侨城A,取得投资收益收到的现金,1y,[financial_statements] 验证 取得投资收益收到的现金 (table)
全新好最新的取得投资收益收到的现金,"全新好,000007.SZ,取得投资收益收到的现金,CASH_RECP_RETURN_INVEST","ORDER BY,LIMIT 1",全新好,取得投资收益收到的现金,latest,[financial_statements] 验证 取得投资收益收到的现金 (table)
华数传媒最新的销售商品提供劳务收到的现金,"华数传媒,000156.SZ,销售商品提供劳务收到的现金,CASH_RECP_SG_AND_RS","ORDER BY,LIMIT 1",华数传媒,销售商品提供劳务收到的现金,latest,[financial_statements] 验证 销售商品提供劳务收到的现金 (table)
北方国际最新的销售商品提供劳务收到的现金,"北方国际,000065.SZ,销售商品提供劳务收到的现金,CASH_RECP_SG_AND_RS","ORDER BY,LIMIT 1",北方国际,销售商品提供劳务收到的现金,latest,[financial_statements] 验证 销售商品提供劳务收到的现金 (table)
截至2023年底TCL科技的在建工程(合计),"TCL科技,000100.SZ,在建工程(合计),CONST_IN_PROG_TOT","<=,2023",TCL科技,在建工程(合计),until_2023,[financial_statements] 验证 在建工程(合计) (table)
吉林化纤的在建工程(合计)是多少,"吉林化纤,000420.SZ,在建工程(合计),CONST_IN_PROG_TOT",,吉林化纤,在建工程(合计),10y,[financial_statements] 验证 在建工程(合计) (table)
沙河股份最近一年的应付职工薪酬走势,"沙河股份,000014.SZ,应付职工薪酬,EMPL_BEN_PAYABLE",,沙河股份,应付职工薪酬,1y,[financial_statements] 验证 应付职工薪酬 (table)
云鼎科技的应付职工薪酬是多少,"云鼎科技,000409.SZ,应付职工薪酬,EMPL_BEN_PAYABLE",,云鼎科技,应付职工薪酬,10y,[financial_statements] 验证 应付职工薪酬 (table)
查一下金隅冀东的所得税,"金隅冀东,000401.SZ,所得税,INC_TAX",,金隅冀东,所得税,10y,[financial_statements] 验证 所得税 (table)
万科A最新的所得税,"万科A,000002.SZ,所得税,INC_TAX","ORDER BY,LIMIT 1",万科A,所得税,latest,[financial_statements] 验证 所得税 (table)
特力A最新的无形资产,"特力A,000025.SZ,无形资产,INTANG_ASSETS","ORDER BY,LIMIT 1",特力A,无形资产,latest,[financial_statements] 验证 无形资产 (table)
截至2023年底深桑达A的无形资产,"深桑达A,000032.SZ,无形资产,INTANG_ASSETS","<=,2023",深桑达A,无形资产,until_2023,[financial_statements] 验证 无形资产 (table)
查一下美丽生态的存货,"美丽生态,000010.SZ,存货,INVENTORIES",,美丽生态,存货,10y,[financial_statements] 验证 存货 (table)
截至2023年底神州高铁的存货,"神州高铁,000008.SZ,存货,INVENTORIES","<=,2023",神州高铁,存货,until_2023,[financial_statements] 验证 存货 (table)
截至2023年底富奥股份的财务费用,"富奥股份,000030.SZ,财务费用,LESS_FIN_EXP","<=,2023",富奥股份,财务费用,until_2023,[financial_statements] 验证 财务费用 (table)
查一下长虹华意的财务费用,"长虹华意,000404.SZ,财务费用,LESS_FIN_EXP",,长虹华意,财务费用,10y,[financial_statements] 验证 财务费用 (table)
华数传媒最新的管理费用,"华数传媒,000156.SZ,管理费用,LESS_GERL_ADMIN_EXP","ORDER BY,LIMIT 1",华数传媒,管理费用,latest,[financial_statements] 验证 管理费用 (table)
天健集团最新的管理费用,"天健集团,000090.SZ,管理费用,LESS_GERL_ADMIN_EXP","ORDER BY,LIMIT 1",天健集团,管理费用,latest,[financial_statements] 验证 管理费用 (table)
查一下中兴通讯的营业成本,"中兴通讯,000063.SZ,营业成本,LESS_OPER_COST",,中兴通讯,营业成本,10y,[financial_statements] 验证 营业成本 (table)
查一下华塑控股的营业成本,"华塑控股,000509.SZ,营业成本,LESS_OPER_COST",,华塑控股,营业成本,10y,[financial_statements] 验证 营业成本 (table)
金融街最近一年的销售费用走势,"金融街,000402.SZ,销售费用,LESS_SELLING_DIST_EXP",,金融街,销售费用,1y,[financial_statements] 验证 销售费用 (table)
2023年通程控股的销售费用,"通程控股,000419.SZ,销售费用,LESS_SELLING_DIST_EXP",2023,通程控股,销售费用,2023,[financial_statements] 验证 销售费用 (table)
截至2023年底潍柴动力的长期股权投资,"潍柴动力,000338.SZ,长期股权投资,LONG_TERM_EQY_INVEST","<=,2023",潍柴动力,长期股权投资,until_2023,[financial_statements] 验证 长期股权投资 (table)
海王生物的长期股权投资是多少,"海王生物,000078.SZ,长期股权投资,LONG_TERM_EQY_INVEST",,海王生物,长期股权投资,10y,[financial_statements] 验证 长期股权投资 (table)
查一下东方盛虹的长期借款,"东方盛虹,000301.SZ,长期借款,LT_BORROW",,东方盛虹,长期借款,10y,[financial_statements] 验证 长期借款 (table)
派林生物最新的长期借款,"派林生物,000403.SZ,长期借款,LT_BORROW","ORDER BY,LIMIT 1",派林生物,长期借款,latest,[financial_statements] 验证 长期借款 (table)
截至2023年底中国宝安的少数股东权益,"中国宝安,000009.SZ,少数股东权益,MINORITY_INT","<=,2023",中国宝安,少数股东权益,until_2023,[financial_statements] 验证 少数股东权益 (table)
查一下中国长城的少数股东权益,"中国长城,000066.SZ,少数股东权益,MINORITY_INT",,中国长城,少数股东权益,10y,[financial_statements] 验证 少数股东权益 (table)
渝开发最近一年的少数股东损益走势,"渝开发,000514.SZ,少数股东损益,MINORITY_INT_INC",,渝开发,少数股东损益,1y,[financial_statements] 验证 少数股东损益 (table)
华数传媒最新的少数股东损益,"华数传媒,000156.SZ,少数股东损益,MINORITY_INT_INC","ORDER BY,LIMIT 1",华数传媒,少数股东损益,latest,[financial_statements] 验证 少数股东损益 (table)
查一下南京公用的货币资金,"南京公用,000421.SZ,货币资金,MONETARY_CAP",,南京公用,货币资金,10y,[financial_statements] 验证 货币资金 (table)
深物业A的货币资金是多少,"深物业A,000011.SZ,货币资金,MONETARY_CAP",,深物业A,货币资金,10y,[financial_statements] 验证 货币资金 (table)
截至2023年底兴业银锡的筹资活动现金净流量,"兴业银锡,000426.SZ,筹资活动现金净流量,NET_CASH_FLOWS_FNC_ACT","<=,2023",兴业银锡,筹资活动现金净流量,until_2023,[financial_statements] 验证 筹资活动现金净流量 (table)
盐田港最近一年的筹资活动现金净流量走势,"盐田港,000088.SZ,筹资活动现金净流量,NET_CASH_FLOWS_FNC_ACT",,盐田港,筹资活动现金净流量,1y,[financial_statements] 验证 筹资活动现金净流量 (table)
国新健康最新的投资活动现金净流量,"国新健康,000503.SZ,投资活动现金净流量,NET_CASH_FLOWS_INV_ACT","ORDER BY,LIMIT 1",国新健康,投资活动现金净流量,latest,[financial_statements] 验证 投资活动现金净流量 (table)
*ST生物最近一年的投资活动现金净流量走势,"*ST生物,000504.SZ,投资活动现金净流量,NET_CASH_FLOWS_INV_ACT",,*ST生物,投资活动现金净流量,1y,[financial_statements] 验证 投资活动现金净流量 (table)
通程控股的经营活动现金净流量是多少,"通程控股,000419.SZ,经营活动现金净流量,NET_CASH_FLOWS_OPER_ACT",,通程控股,经营活动现金净流量,10y,[financial_statements] 验证 经营活动现金净流量 (table)
2023年神州数码的经营活动现金净流量,"神州数码,000034.SZ,经营活动现金净流量,NET_CASH_FLOWS_OPER_ACT",2023,神州数码,经营活动现金净流量,2023,[financial_statements] 验证 经营活动现金净流量 (table)
2023年国际实业的处置固定无形长期资产收回的现金净额,"国际实业,000159.SZ,处置固定无形长期资产收回的现金净额,NET_CASH_RECP_DISP_FIOLTA",2023,国际实业,处置固定无形长期资产收回的现金净额,2023,[financial_statements] 验证 处置固定无形长期资产收回的现金净额 (table)
深中华A的处置固定无形长期资产收回的现金净额是多少,"深中华A,000017.SZ,处置固定无形长期资产收回的现金净额,NET_CASH_RECP_DISP_FIOLTA",,深中华A,处置固定无形长期资产收回的现金净额,10y,[financial_statements] 验证 处置固定无形长期资产收回的现金净额 (table)
富奥股份最新的现金及现金等价物净增加额,"富奥股份,000030.SZ,现金及现金等价物净增加额,NET_INCR_CASH_CASH_EQU","ORDER BY,LIMIT 1",富奥股份,现金及现金等价物净增加额,latest,[financial_statements] 验证 现金及现金等价物净增加额 (table)
皇庭国际最新的现金及现金等价物净增加额,"皇庭国际,000056.SZ,现金及现金等价物净增加额,NET_INCR_CASH_CASH_EQU","ORDER BY,LIMIT 1",皇庭国际,现金及现金等价物净增加额,latest,[financial_statements] 验证 现金及现金等价物净增加额 (table)
截至2023年底富奥股份的归母净利润,"富奥股份,000030.SZ,归母净利润,NET_PROFIT_EXCL_MIN_INT_INC","<=,2023",富奥股份,归母净利润,until_2023,[financial_statements] 验证 归母净利润 (table)
天健集团最近一年的归母净利润走势,"天健集团,000090.SZ,归母净利润,NET_PROFIT_EXCL_MIN_INT_INC",,天健集团,归母净利润,1y,[financial_statements] 验证 归母净利润 (table)
胜利股份的净利润是多少,"胜利股份,000407.SZ,净利润,NET_PROFIT_INCL_MIN_INT_INC",,胜利股份,净利润,10y,[financial_statements] 验证 净利润 (table)
2023年通程控股的净利润,"通程控股,000419.SZ,净利润,NET_PROFIT_INCL_MIN_INT_INC",2023,通程控股,净利润,2023,[financial_statements] 验证 净利润 (table)
深振业A最新的营业利润,"深振业A,000006.SZ,营业利润,OPER_PROFIT","ORDER BY,LIMIT 1",深振业A,营业利润,latest,[financial_statements] 验证 营业利润 (table)
查一下全新好的营业利润,"全新好,000007.SZ,营业利润,OPER_PROFIT",,全新好,营业利润,10y,[financial_statements] 验证 营业利润 (table)
京基智农的主营业务收入是多少,"京基智农,000048.SZ,主营业务收入,OPER_REV",,京基智农,主营业务收入,10y,[financial_statements] 验证 主营业务收入 (table)
中兴通讯的主营业务收入是多少,"中兴通讯,000063.SZ,主营业务收入,OPER_REV",,中兴通讯,主营业务收入,10y,[financial_statements] 验证 主营业务收入 (table)
查一下粤高速A的支付的各项税费,"粤高速A,000429.SZ,支付的各项税费,PAY_ALL_TYP_TAX",,粤高速A,支付的各项税费,10y,[financial_statements] 验证 支付的各项税费 (table)
皇庭国际的支付的各项税费是多少,"皇庭国际,000056.SZ,支付的各项税费,PAY_ALL_TYP_TAX",,皇庭国际,支付的各项税费,10y,[financial_statements] 验证 支付的各项税费 (table)
截至2023年底中国天楹的预付款项,"中国天楹,000035.SZ,预付款项,PREPAY","<=,2023",中国天楹,预付款项,until_2023,[financial_statements] 验证 预付款项 (table)
2023年深深房A的预付款项,"深深房A,000029.SZ,预付款项,PREPAY",2023,深深房A,预付款项,2023,[financial_statements] 验证 预付款项 (table)
武商集团最近一年的研发费用走势,"武商集团,000501.SZ,研发费用,RD_EXPENSE",,武商集团,研发费用,1y,[financial_statements] 验证 研发费用 (table)
查一下深南电A的研发费用,"深南电A,000037.SZ,研发费用,RD_EXPENSE",,深南电A,研发费用,10y,[financial_statements] 验证 研发费用 (table)
深中华A最近一年的报告类型走势,"深中华A,000017.SZ,报告类型,REPORT_TYPE",,深中华A,报告类型,1y,[financial_statements] 验证 报告类型 (table)
通程控股最近一年的报告类型走势,"通程控股,000419.SZ,报告类型,REPORT_TYPE",,通程控股,报告类型,1y,[financial_statements] 验证 报告类型 (table)
2023年丽珠集团的净资产收益率ROE(摊薄),"丽珠集团,000513.SZ,净资产收益率ROE(摊薄),ROE_DILUTED",2023,丽珠集团,净资产收益率ROE(摊薄),2023,[financial_statements] 验证 净资产收益率ROE(摊薄) (table)
2023年京基智农的净资产收益率ROE(摊薄),"京基智农,000048.SZ,净资产收益率ROE(摊薄),ROE_DILUTED",2023,京基智农,净资产收益率ROE(摊薄),2023,[financial_statements] 验证 净资产收益率ROE(摊薄) (table)
2023年英特集团的净资产收益率ROE(扣除),"英特集团,000411.SZ,净资产收益率ROE(扣除),ROE_EX",2023,英特集团,净资产收益率ROE(扣除),2023,[financial_statements] 验证 净资产收益率ROE(扣除) (table)
中洲控股最新的净资产收益率ROE(扣除),"中洲控股,000042.SZ,净资产收益率ROE(扣除),ROE_EX","ORDER BY,LIMIT 1",中洲控股,净资产收益率ROE(扣除),latest,[financial_statements] 验证 净资产收益率ROE(扣除) (table)
查一下神州数码的净资产收益率ROE(扣除/加权),"神州数码,000034.SZ,净资产收益率ROE(扣除/加权),ROE_EXWEIGHTED",,神州数码,净资产收益率ROE(扣除/加权),10y,[financial_statements] 验证 净资产收益率ROE(扣除/加权) (table)
丽珠集团的净资产收益率ROE(扣除/加权)是多少,"丽珠集团,000513.SZ,净资产收益率ROE(扣除/加权),ROE_EXWEIGHTED",,丽珠集团,净资产收益率ROE(扣除/加权),10y,[financial_statements] 验证 净资产收益率ROE(扣除/加权) (table)
查一下招金黄金的净资产收益率ROE(加权),"招金黄金,000506.SZ,净资产收益率ROE(加权),ROE_WEIGHTED",,招金黄金,净资产收益率ROE(加权),10y,[financial_statements] 验证 净资产收益率ROE(加权) (table)
截至2023年底中国宝安的净资产收益率ROE(加权),"中国宝安,000009.SZ,净资产收益率ROE(加权),ROE_WEIGHTED","<=,2023",中国宝安,净资产收益率ROE(加权),until_2023,[financial_statements] 验证 净资产收益率ROE(加权) (table)
中成股份的固定资产(合计)是多少,"中成股份,000151.SZ,固定资产(合计),STM_BS_TOT",,中成股份,固定资产(合计),10y,[financial_statements] 验证 固定资产(合计) (table)
深粮控股最新的固定资产(合计),"深粮控股,000019.SZ,固定资产(合计),STM_BS_TOT","ORDER BY,LIMIT 1",深粮控股,固定资产(合计),latest,[financial_statements] 验证 固定资产(合计) (table)
北方国际最新的短期借款,"北方国际,000065.SZ,短期借款,ST_BORROW","ORDER BY,LIMIT 1",北方国际,短期借款,latest,[financial_statements] 验证 短期借款 (table)
中国天楹最新的短期借款,"中国天楹,000035.SZ,短期借款,ST_BORROW","ORDER BY,LIMIT 1",中国天楹,短期借款,latest,[financial_statements] 验证 短期借款 (table)
查一下深科技的盈余公积,"深科技,000021.SZ,盈余公积,SURPLUS_RSRV",,深科技,盈余公积,10y,[financial_statements] 验证 盈余公积 (table)
截至2023年底中金岭南的盈余公积,"中金岭南,000060.SZ,盈余公积,SURPLUS_RSRV","<=,2023",中金岭南,盈余公积,until_2023,[financial_statements] 验证 盈余公积 (table)
2023年藏格矿业的管理费用率,"藏格矿业,000408.SZ,管理费用率,S_FA_ADMINEXPENSETOGR",2023,藏格矿业,管理费用率,2023,[financial_statements] 验证 管理费用率 (table)
常山北明最新的管理费用率,"常山北明,000158.SZ,管理费用率,S_FA_ADMINEXPENSETOGR","ORDER BY,LIMIT 1",常山北明,管理费用率,latest,[financial_statements] 验证 管理费用率 (table)
万科A的应收账款周转率是多少,"万科A,000002.SZ,应收账款周转率,S_FA_ARTURN",,万科A,应收账款周转率,10y,[financial_statements] 验证 应收账款周转率 (table)
查一下特力A的应收账款周转率,"特力A,000025.SZ,应收账款周转率,S_FA_ARTURN",,特力A,应收账款周转率,10y,[financial_statements] 验证 应收账款周转率 (table)
查一下深圳华强的应收账款周转天数,"深圳华强,000062.SZ,应收账款周转天数,S_FA_ARTURNDAYS",,深圳华强,应收账款周转天数,10y,[financial_statements] 验证 应收账款周转天数 (table)
2023年沈阳机床的应收账款周转天数,"沈阳机床,000410.SZ,应收账款周转天数,S_FA_ARTURNDAYS",2023,沈阳机床,应收账款周转天数,2023,[financial_statements] 验证 应收账款周转天数 (table)
2023年广聚能源的权益乘数,"广聚能源,000096.SZ,权益乘数,S_FA_ASSETSTOEQUITY",2023,广聚能源,权益乘数,2023,[financial_statements] 验证 权益乘数 (table)
截至2023年底国际医学的权益乘数,"国际医学,000516.SZ,权益乘数,S_FA_ASSETSTOEQUITY","<=,2023",国际医学,权益乘数,until_2023,[financial_statements] 验证 权益乘数 (table)
深深房A最近一年的总资产周转率走势,"深深房A,000029.SZ,总资产周转率,S_FA_ASSETSTURN",,深深房A,总资产周转率,1y,[financial_statements] 验证 总资产周转率 (table)
2023年潍柴动力的总资产周转率,"潍柴动力,000338.SZ,总资产周转率,S_FA_ASSETSTURN",2023,潍柴动力,总资产周转率,2023,[financial_statements] 验证 总资产周转率 (table)
截至2023年底深圳能源的每股净资产BPS,"深圳能源,000027.SZ,每股净资产BPS,S_FA_BPS","<=,2023",深圳能源,每股净资产BPS,until_2023,[financial_statements] 验证 每股净资产BPS (table)
万科A最近一年的每股净资产BPS走势,"万科A,000002.SZ,每股净资产BPS,S_FA_BPS",,万科A,每股净资产BPS,1y,[financial_statements] 验证 每股净资产BPS (table)
徐工机械的归母每股净资产BPS是多少,"徐工机械,000425.SZ,归母每股净资产BPS,S_FA_BPS_SH",,徐工机械,归母每股净资产BPS,10y,[financial_statements] 验证 归母每股净资产BPS (table)
金融街最新的归母每股净资产BPS,"金融街,000402.SZ,归母每股净资产BPS,S_FA_BPS_SH","ORDER BY,LIMIT 1",金融街,归母每股净资产BPS,latest,[financial_statements] 验证 归母每股净资产BPS (table)
截至2023年底中金岭南的货币资金／流动负债,"中金岭南,000060.SZ,货币资金／流动负债,S_FA_CASHTOLIQDEBT","<=,2023",中金岭南,货币资金／流动负债,until_2023,[financial_statements] 验证 货币资金／流动负债 (table)
查一下沈阳机床的货币资金／流动负债,"沈阳机床,000410.SZ,货币资金／流动负债,S_FA_CASHTOLIQDEBT",,沈阳机床,货币资金／流动负债,10y,[financial_statements] 验证 货币资金／流动负债 (table)
特发信息最新的流动资产周转率,"特发信息,000070.SZ,流动资产周转率,S_FA_CATURN","ORDER BY,LIMIT 1",特发信息,流动资产周转率,latest,[financial_statements] 验证 流动资产周转率 (table)
2023年招金黄金的流动资产周转率,"招金黄金,000506.SZ,流动资产周转率,S_FA_CATURN",2023,招金黄金,流动资产周转率,2023,[financial_statements] 验证 流动资产周转率 (table)
查一下深中华A的每股现金流CFPS,"深中华A,000017.SZ,每股现金流CFPS,S_FA_CFPS",,深中华A,每股现金流CFPS,10y,[financial_statements] 验证 每股现金流CFPS (table)
2023年云鼎科技的每股现金流CFPS,"云鼎科技,000409.SZ,每股现金流CFPS,S_FA_CFPS",2023,云鼎科技,每股现金流CFPS,2023,[financial_statements] 验证 每股现金流CFPS (table)
美丽生态最近一年的销售成本率走势,"美丽生态,000010.SZ,销售成本率,S_FA_COGSTOSALES",,美丽生态,销售成本率,1y,[financial_statements] 验证 销售成本率 (table)
2023年*ST国华的销售成本率,"*ST国华,000004.SZ,销售成本率,S_FA_COGSTOSALES",2023,*ST国华,销售成本率,2023,[financial_statements] 验证 销售成本率 (table)
长虹华意最近一年的流动比走势,"长虹华意,000404.SZ,流动比,S_FA_CURRENT",,长虹华意,流动比,1y,[financial_statements] 验证 流动比 (table)
深纺织A的流动比是多少,"深纺织A,000045.SZ,流动比,S_FA_CURRENT",,深纺织A,流动比,10y,[financial_statements] 验证 流动比 (table)
深天马A最近一年的资产负债率走势,"深天马A,000050.SZ,资产负债率,S_FA_DEBTTOASSETS",,深天马A,资产负债率,1y,[financial_statements] 验证 资产负债率 (table)
深圳华强的资产负债率是多少,"深圳华强,000062.SZ,资产负债率,S_FA_DEBTTOASSETS",,深圳华强,资产负债率,10y,[financial_statements] 验证 资产负债率 (table)
深桑达A最近一年的产权比率走势,"深桑达A,000032.SZ,产权比率,S_FA_DEBTTOEQUITY",,深桑达A,产权比率,1y,[financial_statements] 验证 产权比率 (table)
大悦城最近一年的产权比率走势,"大悦城,000031.SZ,产权比率,S_FA_DEBTTOEQUITY",,大悦城,产权比率,1y,[financial_statements] 验证 产权比率 (table)
京粮控股的扣非归母净利润是多少,"京粮控股,000505.SZ,扣非归母净利润,S_FA_DEDUCTEDPROFIT",,京粮控股,扣非归母净利润,10y,[financial_statements] 验证 扣非归母净利润 (table)
丰原药业的扣非归母净利润是多少,"丰原药业,000153.SZ,扣非归母净利润,S_FA_DEDUCTEDPROFIT",,丰原药业,扣非归母净利润,10y,[financial_statements] 验证 扣非归母净利润 (table)
兴业银锡最新的息税前利润,"兴业银锡,000426.SZ,息税前利润,S_FA_EBIT","ORDER BY,LIMIT 1",兴业银锡,息税前利润,latest,[financial_statements] 验证 息税前利润 (table)
查一下TCL科技的息税前利润,"TCL科技,000100.SZ,息税前利润,S_FA_EBIT",,TCL科技,息税前利润,10y,[financial_statements] 验证 息税前利润 (table)
2023年山东路桥的息税折旧摊销前利润,"山东路桥,000498.SZ,息税折旧摊销前利润,S_FA_EBITDA",2023,山东路桥,息税折旧摊销前利润,2023,[financial_statements] 验证 息税折旧摊销前利润 (table)
截至2023年底中国长城的息税折旧摊销前利润,"中国长城,000066.SZ,息税折旧摊销前利润,S_FA_EBITDA","<=,2023",中国长城,息税折旧摊销前利润,until_2023,[financial_statements] 验证 息税折旧摊销前利润 (table)
沈阳机床最新的每股收益EPS(基本),"沈阳机床,000410.SZ,每股收益EPS(基本),S_FA_EPS_BASIC","ORDER BY,LIMIT 1",沈阳机床,每股收益EPS(基本),latest,[financial_statements] 验证 每股收益EPS(基本) (table)
2023年美丽生态的每股收益EPS(基本),"美丽生态,000010.SZ,每股收益EPS(基本),S_FA_EPS_BASIC",2023,美丽生态,每股收益EPS(基本),2023,[financial_statements] 验证 每股收益EPS(基本) (table)
截至2023年底北方国际的每股收益EPS(摊薄),"北方国际,000065.SZ,每股收益EPS(摊薄),S_FA_EPS_DILUTED","<=,2023",北方国际,每股收益EPS(摊薄),until_2023,[financial_statements] 验证 每股收益EPS(摊薄) (table)
截至2023年底深圳能源的每股收益EPS(摊薄),"深圳能源,000027.SZ,每股收益EPS(摊薄),S_FA_EPS_DILUTED","<=,2023",深圳能源,每股收益EPS(摊薄),until_2023,[financial_statements] 验证 每股收益EPS(摊薄) (table)
沙河股份最近一年的每股收益EPS(稀释)走势,"沙河股份,000014.SZ,每股收益EPS(稀释),S_FA_EPS_DILUTED2",,沙河股份,每股收益EPS(稀释),1y,[financial_statements] 验证 每股收益EPS(稀释) (table)
神州数码最近一年的每股收益EPS(稀释)走势,"神州数码,000034.SZ,每股收益EPS(稀释),S_FA_EPS_DILUTED2",,神州数码,每股收益EPS(稀释),1y,[financial_statements] 验证 每股收益EPS(稀释) (table)
2023年京粮控股的每股收益EPS(扣除),"京粮控股,000505.SZ,每股收益EPS(扣除),S_FA_EPS_EX",2023,京粮控股,每股收益EPS(扣除),2023,[financial_statements] 验证 每股收益EPS(扣除) (table)
2023年华天酒店的每股收益EPS(扣除),"华天酒店,000428.SZ,每股收益EPS(扣除),S_FA_EPS_EX",2023,华天酒店,每股收益EPS(扣除),2023,[financial_statements] 验证 每股收益EPS(扣除) (table)
截至2023年底吉林化纤的每股收益EPS(扣除/基本),"吉林化纤,000420.SZ,每股收益EPS(扣除/基本),S_FA_EPS_EXBASIC","<=,2023",吉林化纤,每股收益EPS(扣除/基本),until_2023,[financial_statements] 验证 每股收益EPS(扣除/基本) (table)
2023年国药一致的每股收益EPS(扣除/基本),"国药一致,000028.SZ,每股收益EPS(扣除/基本),S_FA_EPS_EXBASIC",2023,国药一致,每股收益EPS(扣除/基本),2023,[financial_statements] 验证 每股收益EPS(扣除/基本) (table)
南玻A最近一年的每股收益EPS(扣除/稀释)走势,"南玻A,000012.SZ,每股收益EPS(扣除/稀释),S_FA_EPS_EXDILUTED",,南玻A,每股收益EPS(扣除/稀释),1y,[financial_statements] 验证 每股收益EPS(扣除/稀释) (table)
金融街的每股收益EPS(扣除/稀释)是多少,"金融街,000402.SZ,每股收益EPS(扣除/稀释),S_FA_EPS_EXDILUTED",,金融街,每股收益EPS(扣除/稀释),10y,[financial_statements] 验证 每股收益EPS(扣除/稀释) (table)
东阿阿胶最新的费用率,"东阿阿胶,000423.SZ,费用率,S_FA_EXPENSETOSALES","ORDER BY,LIMIT 1",东阿阿胶,费用率,latest,[financial_statements] 验证 费用率 (table)
深赛格最新的费用率,"深赛格,000058.SZ,费用率,S_FA_EXPENSETOSALES","ORDER BY,LIMIT 1",深赛格,费用率,latest,[financial_statements] 验证 费用率 (table)
2023年许继电气的非经常性损益,"许继电气,000400.SZ,非经常性损益,S_FA_EXTRAORDINARY",2023,许继电气,非经常性损益,2023,[financial_statements] 验证 非经常性损益 (table)
2023年中兴通讯的非经常性损益,"中兴通讯,000063.SZ,非经常性损益,S_FA_EXTRAORDINARY",2023,中兴通讯,非经常性损益,2023,[financial_statements] 验证 非经常性损益 (table)
2023年华数传媒的固定资产周转率,"华数传媒,000156.SZ,固定资产周转率,S_FA_FATURN",2023,华数传媒,固定资产周转率,2023,[financial_statements] 验证 固定资产周转率 (table)
平安银行的固定资产周转率是多少,"平安银行,000001.SZ,固定资产周转率,S_FA_FATURN",,平安银行,固定资产周转率,10y,[financial_statements] 验证 固定资产周转率 (table)
深南电A的企业自由现金流量(FCFF)是多少,"深南电A,000037.SZ,企业自由现金流量(FCFF),S_FA_FCFF",,深南电A,企业自由现金流量(FCFF),10y,[financial_statements] 验证 企业自由现金流量(FCFF) (table)
天健集团最近一年的企业自由现金流量(FCFF)走势,"天健集团,000090.SZ,企业自由现金流量(FCFF),S_FA_FCFF",,天健集团,企业自由现金流量(FCFF),1y,[financial_statements] 验证 企业自由现金流量(FCFF) (table)
深华发A最新的每股企业自由现金流FCFFPS,"深华发A,000020.SZ,每股企业自由现金流FCFFPS,S_FA_FCFFPS","ORDER BY,LIMIT 1",深华发A,每股企业自由现金流FCFFPS,latest,[financial_statements] 验证 每股企业自由现金流FCFFPS (table)
2023年中兴通讯的每股企业自由现金流FCFFPS,"中兴通讯,000063.SZ,每股企业自由现金流FCFFPS,S_FA_FCFFPS",2023,中兴通讯,每股企业自由现金流FCFFPS,2023,[financial_statements] 验证 每股企业自由现金流FCFFPS (table)
2023年潍柴动力的财务费用率,"潍柴动力,000338.SZ,财务费用率,S_FA_FINAEXPENSETOGR",2023,潍柴动力,财务费用率,2023,[financial_statements] 验证 财务费用率 (table)
查一下武商集团的财务费用率,"武商集团,000501.SZ,财务费用率,S_FA_FINAEXPENSETOGR",,武商集团,财务费用率,10y,[financial_statements] 验证 财务费用率 (table)
川能动力最近一年的毛利润走势,"川能动力,000155.SZ,毛利润,S_FA_GROSSMARGIN",,川能动力,毛利润,1y,[financial_statements] 验证 毛利润 (table)
云鼎科技的毛利润是多少,"云鼎科技,000409.SZ,毛利润,S_FA_GROSSMARGIN",,云鼎科技,毛利润,10y,[financial_statements] 验证 毛利润 (table)
沈阳机床最新的毛利率,"沈阳机床,000410.SZ,毛利率,S_FA_GROSSPROFITMARGIN","ORDER BY,LIMIT 1",沈阳机床,毛利率,latest,[financial_statements] 验证 毛利率 (table)
2023年天健集团的毛利率,"天健集团,000090.SZ,毛利率,S_FA_GROSSPROFITMARGIN",2023,天健集团,毛利率,2023,[financial_statements] 验证 毛利率 (table)
京基智农最近一年的存货周转率走势,"京基智农,000048.SZ,存货周转率,S_FA_INVTURN",,京基智农,存货周转率,1y,[financial_statements] 验证 存货周转率 (table)
截至2023年底深华发A的存货周转率,"深华发A,000020.SZ,存货周转率,S_FA_INVTURN","<=,2023",深华发A,存货周转率,until_2023,[financial_statements] 验证 存货周转率 (table)
查一下神州高铁的存货周转天数,"神州高铁,000008.SZ,存货周转天数,S_FA_INVTURNDAYS",,神州高铁,存货周转天数,10y,[financial_statements] 验证 存货周转天数 (table)
截至2023年底深圳能源的存货周转天数,"深圳能源,000027.SZ,存货周转天数,S_FA_INVTURNDAYS","<=,2023",深圳能源,存货周转天数,until_2023,[financial_statements] 验证 存货周转天数 (table)
东阿阿胶最近一年的净利率走势,"东阿阿胶,000423.SZ,净利率,S_FA_NETPROFITMARGIN",,东阿阿胶,净利率,1y,[financial_statements] 验证 净利率 (table)
深物业A最近一年的净利率走势,"深物业A,000011.SZ,净利率,S_FA_NETPROFITMARGIN",,深物业A,净利率,1y,[financial_statements] 验证 净利率 (table)
派林生物最近一年的每股经营现金流OCFPS走势,"派林生物,000403.SZ,每股经营现金流OCFPS,S_FA_OCFPS",,派林生物,每股经营现金流OCFPS,1y,[financial_statements] 验证 每股经营现金流OCFPS (table)
2023年渝开发的每股经营现金流OCFPS,"渝开发,000514.SZ,每股经营现金流OCFPS,S_FA_OCFPS",2023,渝开发,每股经营现金流OCFPS,2023,[financial_statements] 验证 每股经营现金流OCFPS (table)
2023年深粮控股的速动比,"深粮控股,000019.SZ,速动比,S_FA_QUICK",2023,深粮控股,速动比,2023,[financial_statements] 验证 速动比 (table)
截至2023年底湖北宜化的速动比,"湖北宜化,000422.SZ,速动比,S_FA_QUICK","<=,2023",湖北宜化,速动比,until_2023,[financial_statements] 验证 速动比 (table)
2023年丰原药业的总资产净利率ROA,"丰原药业,000153.SZ,总资产净利率ROA,S_FA_ROA",2023,丰原药业,总资产净利率ROA,2023,[financial_statements] 验证 总资产净利率ROA (table)
2023年藏格矿业的总资产净利率ROA,"藏格矿业,000408.SZ,总资产净利率ROA,S_FA_ROA",2023,藏格矿业,总资产净利率ROA,2023,[financial_statements] 验证 总资产净利率ROA (table)
截至2023年底京基智农的净资产收益率ROE(平均),"京基智农,000048.SZ,净资产收益率ROE(平均),S_FA_ROE","<=,2023",京基智农,净资产收益率ROE(平均),until_2023,[financial_statements] 验证 净资产收益率ROE(平均) (table)
截至2023年底中国宝安的净资产收益率ROE(平均),"中国宝安,000009.SZ,净资产收益率ROE(平均),S_FA_ROE","<=,2023",中国宝安,净资产收益率ROE(平均),until_2023,[financial_statements] 验证 净资产收益率ROE(平均) (table)
2023年华控赛格的净资产收益率ROE(扣非),"华控赛格,000068.SZ,净资产收益率ROE(扣非),S_FA_ROE_DEDUCTED",2023,华控赛格,净资产收益率ROE(扣非),2023,[financial_statements] 验证 净资产收益率ROE(扣非) (table)
2023年华塑控股的净资产收益率ROE(扣非),"华塑控股,000509.SZ,净资产收益率ROE(扣非),S_FA_ROE_DEDUCTED",2023,华塑控股,净资产收益率ROE(扣非),2023,[financial_statements] 验证 净资产收益率ROE(扣非) (table)
深科技最新的投入资本回报率ROIC,"深科技,000021.SZ,投入资本回报率ROIC,S_FA_ROIC","ORDER BY,LIMIT 1",深科技,投入资本回报率ROIC,latest,[financial_statements] 验证 投入资本回报率ROIC (table)
吉林化纤最近一年的投入资本回报率ROIC走势,"吉林化纤,000420.SZ,投入资本回报率ROIC,S_FA_ROIC",,吉林化纤,投入资本回报率ROIC,1y,[financial_statements] 验证 投入资本回报率ROIC (table)
渤海租赁最新的销售费用率,"渤海租赁,000415.SZ,销售费用率,S_FA_SALEEXPENSETOGR","ORDER BY,LIMIT 1",渤海租赁,销售费用率,latest,[financial_statements] 验证 销售费用率 (table)
深南电A最新的销售费用率,"深南电A,000037.SZ,销售费用率,S_FA_SALEEXPENSETOGR","ORDER BY,LIMIT 1",深南电A,销售费用率,latest,[financial_statements] 验证 销售费用率 (table)
深圳机场最新的营业周期,"深圳机场,000089.SZ,营业周期,S_FA_TURNDAYS","ORDER BY,LIMIT 1",深圳机场,营业周期,latest,[financial_statements] 验证 营业周期 (table)
截至2023年底南玻A的营业周期,"南玻A,000012.SZ,营业周期,S_FA_TURNDAYS","<=,2023",南玻A,营业周期,until_2023,[financial_statements] 验证 营业周期 (table)
查一下东方盛虹的利润总额YOY,"东方盛虹,000301.SZ,利润总额YOY,S_FA_YOYEBT",,东方盛虹,利润总额YOY,10y,[financial_statements] 验证 利润总额YOY (table)
查一下中国长城的利润总额YOY,"中国长城,000066.SZ,利润总额YOY,S_FA_YOYEBT",,中国长城,利润总额YOY,10y,[financial_statements] 验证 利润总额YOY (table)
2023年方大集团的EPS-YOY,"方大集团,000055.SZ,EPS-YOY,S_FA_YOYEPS_BASIC",2023,方大集团,EPS-YOY,2023,[financial_statements] 验证 EPS-YOY (table)
华天酒店最近一年的EPS-YOY走势,"华天酒店,000428.SZ,EPS-YOY,S_FA_YOYEPS_BASIC",,华天酒店,EPS-YOY,1y,[financial_statements] 验证 EPS-YOY (table)
金隅冀东的归母净利润YOY是多少,"金隅冀东,000401.SZ,归母净利润YOY,S_FA_YOYNETPROFIT",,金隅冀东,归母净利润YOY,10y,[financial_statements] 验证 归母净利润YOY (table)
胜利股份最新的归母净利润YOY,"胜利股份,000407.SZ,归母净利润YOY,S_FA_YOYNETPROFIT","ORDER BY,LIMIT 1",胜利股份,归母净利润YOY,latest,[financial_statements] 验证 归母净利润YOY (table)
华控赛格最新的扣非归母净利润YOY,"华控赛格,000068.SZ,扣非归母净利润YOY,S_FA_YOYNETPROFIT_DEDUCTED","ORDER BY,LIMIT 1",华控赛格,扣非归母净利润YOY,latest,[financial_statements] 验证 扣非归母净利润YOY (table)
查一下中国长城的扣非归母净利润YOY,"中国长城,000066.SZ,扣非归母净利润YOY,S_FA_YOYNETPROFIT_DEDUCTED",,中国长城,扣非归母净利润YOY,10y,[financial_statements] 验证 扣非归母净利润YOY (table)
查一下飞亚达的营业利润YOY,"飞亚达,000026.SZ,营业利润YOY,S_FA_YOYOP",,飞亚达,营业利润YOY,10y,[financial_statements] 验证 营业利润YOY (table)
东方盛虹的营业利润YOY是多少,"东方盛虹,000301.SZ,营业利润YOY,S_FA_YOYOP",,东方盛虹,营业利润YOY,10y,[financial_statements] 验证 营业利润YOY (table)
查一下*ST张股的净资产YOY,"*ST张股,000430.SZ,净资产YOY,S_FA_YOY_EQUITY",,*ST张股,净资产YOY,10y,[financial_statements] 验证 净资产YOY (table)
深振业A最新的净资产YOY,"深振业A,000006.SZ,净资产YOY,S_FA_YOY_EQUITY","ORDER BY,LIMIT 1",深振业A,净资产YOY,latest,[financial_statements] 验证 净资产YOY (table)
截至2023年底金融街的营业收入YOY,"金融街,000402.SZ,营业收入YOY,S_FA_YOY_OR","<=,2023",金融街,营业收入YOY,until_2023,[financial_statements] 验证 营业收入YOY (table)
截至2023年底深赛格的营业收入YOY,"深赛格,000058.SZ,营业收入YOY,S_FA_YOY_OR","<=,2023",深赛格,营业收入YOY,until_2023,[financial_statements] 验证 营业收入YOY (table)
渤海租赁的营业总收入YOY是多少,"渤海租赁,000415.SZ,营业总收入YOY,S_FA_YOY_TR",,渤海租赁,营业总收入YOY,10y,[financial_statements] 验证 营业总收入YOY (table)
长虹华意最新的营业总收入YOY,"长虹华意,000404.SZ,营业总收入YOY,S_FA_YOY_TR","ORDER BY,LIMIT 1",长虹华意,营业总收入YOY,latest,[financial_statements] 验证 营业总收入YOY (table)
富奥股份最新的单季度.管理费用率,"富奥股份,000030.SZ,单季度.管理费用率,S_QFA_ADMINEXPENSETOGR","ORDER BY,LIMIT 1",富奥股份,单季度.管理费用率,latest,[financial_statements] 验证 单季度.管理费用率 (table)
英特集团最新的单季度.管理费用率,"英特集团,000411.SZ,单季度.管理费用率,S_QFA_ADMINEXPENSETOGR","ORDER BY,LIMIT 1",英特集团,单季度.管理费用率,latest,[financial_statements] 验证 单季度.管理费用率 (table)
深桑达A最新的单季度.期初现金及现金等价物余额,"深桑达A,000032.SZ,单季度.期初现金及现金等价物余额,S_QFA_CASH_CASH_EQU_BEG_PERIOD","ORDER BY,LIMIT 1",深桑达A,单季度.期初现金及现金等价物余额,latest,[financial_statements] 验证 单季度.期初现金及现金等价物余额 (table)
查一下特发信息的单季度.期初现金及现金等价物余额,"特发信息,000070.SZ,单季度.期初现金及现金等价物余额,S_QFA_CASH_CASH_EQU_BEG_PERIOD",,特发信息,单季度.期初现金及现金等价物余额,10y,[financial_statements] 验证 单季度.期初现金及现金等价物余额 (table)
深深房A最近一年的单季度.期末现金及现金等价物余额走势,"深深房A,000029.SZ,单季度.期末现金及现金等价物余额,S_QFA_CASH_CASH_EQU_END_PERIOD",,深深房A,单季度.期末现金及现金等价物余额,1y,[financial_statements] 验证 单季度.期末现金及现金等价物余额 (table)
深华发A最近一年的单季度.期末现金及现金等价物余额走势,"深华发A,000020.SZ,单季度.期末现金及现金等价物余额,S_QFA_CASH_CASH_EQU_END_PERIOD",,深华发A,单季度.期末现金及现金等价物余额,1y,[financial_statements] 验证 单季度.期末现金及现金等价物余额 (table)
截至2023年底渤海租赁的单季度.投资支付的现金,"渤海租赁,000415.SZ,单季度.投资支付的现金,S_QFA_CASH_PAID_INVEST","<=,2023",渤海租赁,单季度.投资支付的现金,until_2023,[financial_statements] 验证 单季度.投资支付的现金 (table)
截至2023年底深圳能源的单季度.投资支付的现金,"深圳能源,000027.SZ,单季度.投资支付的现金,S_QFA_CASH_PAID_INVEST","<=,2023",深圳能源,单季度.投资支付的现金,until_2023,[financial_statements] 验证 单季度.投资支付的现金 (table)
申万宏源的单季度.购建固定无形长期资产支付的现金是多少,"申万宏源,000166.SZ,单季度.购建固定无形长期资产支付的现金,S_QFA_CASH_PAY_ACQ_CONST_FIOLTA",,申万宏源,单季度.购建固定无形长期资产支付的现金,10y,[financial_statements] 验证 单季度.购建固定无形长期资产支付的现金 (table)
中成股份最新的单季度.购建固定无形长期资产支付的现金,"中成股份,000151.SZ,单季度.购建固定无形长期资产支付的现金,S_QFA_CASH_PAY_ACQ_CONST_FIOLTA","ORDER BY,LIMIT 1",中成股份,单季度.购建固定无形长期资产支付的现金,latest,[financial_statements] 验证 单季度.购建固定无形长期资产支付的现金 (table)
截至2023年底海王生物的单季度.为职工支付的现金,"海王生物,000078.SZ,单季度.为职工支付的现金,S_QFA_CASH_PAY_BEH_EMPL","<=,2023",海王生物,单季度.为职工支付的现金,until_2023,[financial_statements] 验证 单季度.为职工支付的现金 (table)
农产品最近一年的单季度.为职工支付的现金走势,"农产品,000061.SZ,单季度.为职工支付的现金,S_QFA_CASH_PAY_BEH_EMPL",,农产品,单季度.为职工支付的现金,1y,[financial_statements] 验证 单季度.为职工支付的现金 (table)
深华发A最近一年的单季度.分配股利利润或偿付利息支付的现金走势,"深华发A,000020.SZ,单季度.分配股利利润或偿付利息支付的现金,S_QFA_CASH_PAY_DIST_DPCP_INT_EXP",,深华发A,单季度.分配股利利润或偿付利息支付的现金,1y,[financial_statements] 验证 单季度.分配股利利润或偿付利息支付的现金 (table)
TCL科技最近一年的单季度.分配股利利润或偿付利息支付的现金走势,"TCL科技,000100.SZ,单季度.分配股利利润或偿付利息支付的现金,S_QFA_CASH_PAY_DIST_DPCP_INT_EXP",,TCL科技,单季度.分配股利利润或偿付利息支付的现金,1y,[financial_statements] 验证 单季度.分配股利利润或偿付利息支付的现金 (table)
金融街的单季度.购买商品接受劳务支付的现金是多少,"金融街,000402.SZ,单季度.购买商品接受劳务支付的现金,S_QFA_CASH_PAY_GOODS_PURCH_SERV_REC",,金融街,单季度.购买商品接受劳务支付的现金,10y,[financial_statements] 验证 单季度.购买商品接受劳务支付的现金 (table)
截至2023年底中国宝安的单季度.购买商品接受劳务支付的现金,"中国宝安,000009.SZ,单季度.购买商品接受劳务支付的现金,S_QFA_CASH_PAY_GOODS_PURCH_SERV_REC","<=,2023",中国宝安,单季度.购买商品接受劳务支付的现金,until_2023,[financial_statements] 验证 单季度.购买商品接受劳务支付的现金 (table)
截至2023年底吉林化纤的单季度.取得借款收到的现金,"吉林化纤,000420.SZ,单季度.取得借款收到的现金,S_QFA_CASH_RECP_BORROW","<=,2023",吉林化纤,单季度.取得借款收到的现金,until_2023,[financial_statements] 验证 单季度.取得借款收到的现金 (table)
南玻A最新的单季度.取得借款收到的现金,"南玻A,000012.SZ,单季度.取得借款收到的现金,S_QFA_CASH_RECP_BORROW","ORDER BY,LIMIT 1",南玻A,单季度.取得借款收到的现金,latest,[financial_statements] 验证 单季度.取得借款收到的现金 (table)
查一下深康佳A的单季度.取得投资收益收到的现金,"深康佳A,000016.SZ,单季度.取得投资收益收到的现金,S_QFA_CASH_RECP_RETURN_INVEST",,深康佳A,单季度.取得投资收益收到的现金,10y,[financial_statements] 验证 单季度.取得投资收益收到的现金 (table)
截至2023年底TCL科技的单季度.取得投资收益收到的现金,"TCL科技,000100.SZ,单季度.取得投资收益收到的现金,S_QFA_CASH_RECP_RETURN_INVEST","<=,2023",TCL科技,单季度.取得投资收益收到的现金,until_2023,[financial_statements] 验证 单季度.取得投资收益收到的现金 (table)
2023年华侨城A的单季度.销售商品提供劳务收到的现金,"华侨城A,000069.SZ,单季度.销售商品提供劳务收到的现金,S_QFA_CASH_RECP_SG_AND_RS",2023,华侨城A,单季度.销售商品提供劳务收到的现金,2023,[financial_statements] 验证 单季度.销售商品提供劳务收到的现金 (table)
2023年长虹华意的单季度.销售商品提供劳务收到的现金,"长虹华意,000404.SZ,单季度.销售商品提供劳务收到的现金,S_QFA_CASH_RECP_SG_AND_RS",2023,长虹华意,单季度.销售商品提供劳务收到的现金,2023,[financial_statements] 验证 单季度.销售商品提供劳务收到的现金 (table)
深圳机场最近一年的单季度.营业总收入MOM走势,"深圳机场,000089.SZ,单季度.营业总收入MOM,S_QFA_CGRGR",,深圳机场,单季度.营业总收入MOM,1y,[financial_statements] 验证 单季度.营业总收入MOM (table)
查一下吉林化纤的单季度.营业总收入MOM,"吉林化纤,000420.SZ,单季度.营业总收入MOM,S_QFA_CGRGR",,吉林化纤,单季度.营业总收入MOM,10y,[financial_statements] 验证 单季度.营业总收入MOM (table)
查一下南玻A的单季度.归母净利润MOM,"南玻A,000012.SZ,单季度.归母净利润MOM,S_QFA_CGRNETPROFIT",,南玻A,单季度.归母净利润MOM,10y,[financial_statements] 验证 单季度.归母净利润MOM (table)
2023年中成股份的单季度.归母净利润MOM,"中成股份,000151.SZ,单季度.归母净利润MOM,S_QFA_CGRNETPROFIT",2023,中成股份,单季度.归母净利润MOM,2023,[financial_statements] 验证 单季度.归母净利润MOM (table)
截至2023年底深粮控股的单季度.营业利润MOM,"深粮控股,000019.SZ,单季度.营业利润MOM,S_QFA_CGROP","<=,2023",深粮控股,单季度.营业利润MOM,until_2023,[financial_statements] 验证 单季度.营业利润MOM (table)
2023年富奥股份的单季度.营业利润MOM,"富奥股份,000030.SZ,单季度.营业利润MOM,S_QFA_CGROP",2023,富奥股份,单季度.营业利润MOM,2023,[financial_statements] 验证 单季度.营业利润MOM (table)
粤高速A最新的单季度.净利润MOM,"粤高速A,000429.SZ,单季度.净利润MOM,S_QFA_CGRPROFIT","ORDER BY,LIMIT 1",粤高速A,单季度.净利润MOM,latest,[financial_statements] 验证 单季度.净利润MOM (table)
查一下华侨城A的单季度.净利润MOM,"华侨城A,000069.SZ,单季度.净利润MOM,S_QFA_CGRPROFIT",,华侨城A,单季度.净利润MOM,10y,[financial_statements] 验证 单季度.净利润MOM (table)
查一下深圳机场的单季度.主营业务收入MOM,"深圳机场,000089.SZ,单季度.主营业务收入MOM,S_QFA_CGRSALES",,深圳机场,单季度.主营业务收入MOM,10y,[financial_statements] 验证 单季度.主营业务收入MOM (table)
2023年国新健康的单季度.主营业务收入MOM,"国新健康,000503.SZ,单季度.主营业务收入MOM,S_QFA_CGRSALES",2023,国新健康,单季度.主营业务收入MOM,2023,[financial_statements] 验证 单季度.主营业务收入MOM (table)
华锦股份最新的单季度.基本每股收益,"华锦股份,000059.SZ,单季度.基本每股收益,S_QFA_EPS","ORDER BY,LIMIT 1",华锦股份,单季度.基本每股收益,latest,[financial_statements] 验证 单季度.基本每股收益 (table)
中成股份的单季度.基本每股收益是多少,"中成股份,000151.SZ,单季度.基本每股收益,S_QFA_EPS",,中成股份,单季度.基本每股收益,10y,[financial_statements] 验证 单季度.基本每股收益 (table)
查一下华侨城A的单季度.费用率,"华侨城A,000069.SZ,单季度.费用率,S_QFA_EXPENSETOSALES",,华侨城A,单季度.费用率,10y,[financial_statements] 验证 单季度.费用率 (table)
查一下中成股份的单季度.费用率,"中成股份,000151.SZ,单季度.费用率,S_QFA_EXPENSETOSALES",,中成股份,单季度.费用率,10y,[financial_statements] 验证 单季度.费用率 (table)
截至2023年底中信海直的单季度.财务费用率,"中信海直,000099.SZ,单季度.财务费用率,S_QFA_FINAEXPENSETOGR","<=,2023",中信海直,单季度.财务费用率,until_2023,[financial_statements] 验证 单季度.财务费用率 (table)
查一下深桑达A的单季度.财务费用率,"深桑达A,000032.SZ,单季度.财务费用率,S_QFA_FINAEXPENSETOGR",,深桑达A,单季度.财务费用率,10y,[financial_statements] 验证 单季度.财务费用率 (table)
查一下珠海港的单季度.毛利率,"珠海港,000507.SZ,单季度.毛利率,S_QFA_GROSSPROFITMARGIN",,珠海港,单季度.毛利率,10y,[financial_statements] 验证 单季度.毛利率 (table)
中联重科最近一年的单季度.毛利率走势,"中联重科,000157.SZ,单季度.毛利率,S_QFA_GROSSPROFITMARGIN",,中联重科,单季度.毛利率,1y,[financial_statements] 验证 单季度.毛利率 (table)
2023年国际实业的单季度.所得税,"国际实业,000159.SZ,单季度.所得税,S_QFA_INC_TAX",2023,国际实业,单季度.所得税,2023,[financial_statements] 验证 单季度.所得税 (table)
截至2023年底金隅冀东的单季度.所得税,"金隅冀东,000401.SZ,单季度.所得税,S_QFA_INC_TAX","<=,2023",金隅冀东,单季度.所得税,until_2023,[financial_statements] 验证 单季度.所得税 (table)
华锦股份最新的单季度.财务费用,"华锦股份,000059.SZ,单季度.财务费用,S_QFA_LESS_FIN_EXP","ORDER BY,LIMIT 1",华锦股份,单季度.财务费用,latest,[financial_statements] 验证 单季度.财务费用 (table)
查一下兴业银锡的单季度.财务费用,"兴业银锡,000426.SZ,单季度.财务费用,S_QFA_LESS_FIN_EXP",,兴业银锡,单季度.财务费用,10y,[financial_statements] 验证 单季度.财务费用 (table)
2023年TCL科技的单季度.管理费用,"TCL科技,000100.SZ,单季度.管理费用,S_QFA_LESS_GERL_ADMIN_EXP",2023,TCL科技,单季度.管理费用,2023,[financial_statements] 验证 单季度.管理费用 (table)
截至2023年底美丽生态的单季度.管理费用,"美丽生态,000010.SZ,单季度.管理费用,S_QFA_LESS_GERL_ADMIN_EXP","<=,2023",美丽生态,单季度.管理费用,until_2023,[financial_statements] 验证 单季度.管理费用 (table)
2023年深科技的单季度.营业成本,"深科技,000021.SZ,单季度.营业成本,S_QFA_LESS_OPER_COST",2023,深科技,单季度.营业成本,2023,[financial_statements] 验证 单季度.营业成本 (table)
2023年常山北明的单季度.营业成本,"常山北明,000158.SZ,单季度.营业成本,S_QFA_LESS_OPER_COST",2023,常山北明,单季度.营业成本,2023,[financial_statements] 验证 单季度.营业成本 (table)
2023年富奥股份的单季度.销售费用,"富奥股份,000030.SZ,单季度.销售费用,S_QFA_LESS_SELLING_DIST_EXP",2023,富奥股份,单季度.销售费用,2023,[financial_statements] 验证 单季度.销售费用 (table)
2023年特力A的单季度.销售费用,"特力A,000025.SZ,单季度.销售费用,S_QFA_LESS_SELLING_DIST_EXP",2023,特力A,单季度.销售费用,2023,[financial_statements] 验证 单季度.销售费用 (table)
查一下全新好的单季度.少数股东损益,"全新好,000007.SZ,单季度.少数股东损益,S_QFA_MINORITY_INT_INC",,全新好,单季度.少数股东损益,10y,[financial_statements] 验证 单季度.少数股东损益 (table)
查一下渝开发的单季度.少数股东损益,"渝开发,000514.SZ,单季度.少数股东损益,S_QFA_MINORITY_INT_INC",,渝开发,单季度.少数股东损益,10y,[financial_statements] 验证 单季度.少数股东损益 (table)
查一下神州高铁的单季度.净利率,"神州高铁,000008.SZ,单季度.净利率,S_QFA_NETPROFITMARGIN",,神州高铁,单季度.净利率,10y,[financial_statements] 验证 单季度.净利率 (table)
查一下国药一致的单季度.净利率,"国药一致,000028.SZ,单季度.净利率,S_QFA_NETPROFITMARGIN",,国药一致,单季度.净利率,10y,[financial_statements] 验证 单季度.净利率 (table)
中国天楹的单季度.筹资活动现金净流量是多少,"中国天楹,000035.SZ,单季度.筹资活动现金净流量,S_QFA_NET_CASH_FLOWS_FNC_ACT",,中国天楹,单季度.筹资活动现金净流量,10y,[financial_statements] 验证 单季度.筹资活动现金净流量 (table)
2023年国际实业的单季度.筹资活动现金净流量,"国际实业,000159.SZ,单季度.筹资活动现金净流量,S_QFA_NET_CASH_FLOWS_FNC_ACT",2023,国际实业,单季度.筹资活动现金净流量,2023,[financial_statements] 验证 单季度.筹资活动现金净流量 (table)
查一下国新健康的单季度.投资活动现金净流量,"国新健康,000503.SZ,单季度.投资活动现金净流量,S_QFA_NET_CASH_FLOWS_INV_ACT",,国新健康,单季度.投资活动现金净流量,10y,[financial_statements] 验证 单季度.投资活动现金净流量 (table)
2023年中洲控股的单季度.投资活动现金净流量,"中洲控股,000042.SZ,单季度.投资活动现金净流量,S_QFA_NET_CASH_FLOWS_INV_ACT",2023,中洲控股,单季度.投资活动现金净流量,2023,[financial_statements] 验证 单季度.投资活动现金净流量 (table)
华侨城A的单季度.经营活动现金净流量是多少,"华侨城A,000069.SZ,单季度.经营活动现金净流量,S_QFA_NET_CASH_FLOWS_OPER_ACT",,华侨城A,单季度.经营活动现金净流量,10y,[financial_statements] 验证 单季度.经营活动现金净流量 (table)
2023年神州数码的单季度.经营活动现金净流量,"神州数码,000034.SZ,单季度.经营活动现金净流量,S_QFA_NET_CASH_FLOWS_OPER_ACT",2023,神州数码,单季度.经营活动现金净流量,2023,[financial_statements] 验证 单季度.经营活动现金净流量 (table)
中联重科的单季度.处置固定无形长期资产收回的现金净额是多少,"中联重科,000157.SZ,单季度.处置固定无形长期资产收回的现金净额,S_QFA_NET_CASH_RECP_DISP_FIOLTA",,中联重科,单季度.处置固定无形长期资产收回的现金净额,10y,[financial_statements] 验证 单季度.处置固定无形长期资产收回的现金净额 (table)
南京公用的单季度.处置固定无形长期资产收回的现金净额是多少,"南京公用,000421.SZ,单季度.处置固定无形长期资产收回的现金净额,S_QFA_NET_CASH_RECP_DISP_FIOLTA",,南京公用,单季度.处置固定无形长期资产收回的现金净额,10y,[financial_statements] 验证 单季度.处置固定无形长期资产收回的现金净额 (table)
深科技的单季度.现金及现金等价物净增加额是多少,"深科技,000021.SZ,单季度.现金及现金等价物净增加额,S_QFA_NET_INCR_CASH_CASH_EQU",,深科技,单季度.现金及现金等价物净增加额,10y,[financial_statements] 验证 单季度.现金及现金等价物净增加额 (table)
截至2023年底全新好的单季度.现金及现金等价物净增加额,"全新好,000007.SZ,单季度.现金及现金等价物净增加额,S_QFA_NET_INCR_CASH_CASH_EQU","<=,2023",全新好,单季度.现金及现金等价物净增加额,until_2023,[financial_statements] 验证 单季度.现金及现金等价物净增加额 (table)
2023年金隅冀东的单季度.归母净利润,"金隅冀东,000401.SZ,单季度.归母净利润,S_QFA_NET_PROFIT_EXCL_MIN_INT_INC",2023,金隅冀东,单季度.归母净利润,2023,[financial_statements] 验证 单季度.归母净利润 (table)
截至2023年底中兴通讯的单季度.归母净利润,"中兴通讯,000063.SZ,单季度.归母净利润,S_QFA_NET_PROFIT_EXCL_MIN_INT_INC","<=,2023",中兴通讯,单季度.归母净利润,until_2023,[financial_statements] 验证 单季度.归母净利润 (table)
查一下金融街的单季度.净利润,"金融街,000402.SZ,单季度.净利润,S_QFA_NET_PROFIT_INCL_MIN_INT_INC",,金融街,单季度.净利润,10y,[financial_statements] 验证 单季度.净利润 (table)
*ST张股的单季度.净利润是多少,"*ST张股,000430.SZ,单季度.净利润,S_QFA_NET_PROFIT_INCL_MIN_INT_INC",,*ST张股,单季度.净利润,10y,[financial_statements] 验证 单季度.净利润 (table)
2023年盐田港的单季度.营业利润,"盐田港,000088.SZ,单季度.营业利润,S_QFA_OPER_PROFIT",2023,盐田港,单季度.营业利润,2023,[financial_statements] 验证 单季度.营业利润 (table)
中兴通讯最近一年的单季度.营业利润走势,"中兴通讯,000063.SZ,单季度.营业利润,S_QFA_OPER_PROFIT",,中兴通讯,单季度.营业利润,1y,[financial_statements] 验证 单季度.营业利润 (table)
中金岭南的单季度.主营业务收入是多少,"中金岭南,000060.SZ,单季度.主营业务收入,S_QFA_OPER_REV",,中金岭南,单季度.主营业务收入,10y,[financial_statements] 验证 单季度.主营业务收入 (table)
常山北明最新的单季度.主营业务收入,"常山北明,000158.SZ,单季度.主营业务收入,S_QFA_OPER_REV","ORDER BY,LIMIT 1",常山北明,单季度.主营业务收入,latest,[financial_statements] 验证 单季度.主营业务收入 (table)
查一下广聚能源的单季度.支付的各项税费,"广聚能源,000096.SZ,单季度.支付的各项税费,S_QFA_PAY_ALL_TYP_TAX",,广聚能源,单季度.支付的各项税费,10y,[financial_statements] 验证 单季度.支付的各项税费 (table)
查一下合百集团的单季度.支付的各项税费,"合百集团,000417.SZ,单季度.支付的各项税费,S_QFA_PAY_ALL_TYP_TAX",,合百集团,单季度.支付的各项税费,10y,[financial_statements] 验证 单季度.支付的各项税费 (table)
查一下潍柴动力的单季度.研发费用,"潍柴动力,000338.SZ,单季度.研发费用,S_QFA_RD_EXPENSE",,潍柴动力,单季度.研发费用,10y,[financial_statements] 验证 单季度.研发费用 (table)
截至2023年底ST晨鸣的单季度.研发费用,"ST晨鸣,000488.SZ,单季度.研发费用,S_QFA_RD_EXPENSE","<=,2023",ST晨鸣,单季度.研发费用,until_2023,[financial_statements] 验证 单季度.研发费用 (table)
2023年平安银行的单季报报告类型,"平安银行,000001.SZ,单季报报告类型,S_QFA_REPORT_TYPE",2023,平安银行,单季报报告类型,2023,[financial_statements] 验证 单季报报告类型 (table)
渝开发最新的单季报报告类型,"渝开发,000514.SZ,单季报报告类型,S_QFA_REPORT_TYPE","ORDER BY,LIMIT 1",渝开发,单季报报告类型,latest,[financial_statements] 验证 单季报报告类型 (table)
截至2023年底通程控股的单季度.总资产净利率ROA,"通程控股,000419.SZ,单季度.总资产净利率ROA,S_QFA_ROA","<=,2023",通程控股,单季度.总资产净利率ROA,until_2023,[financial_statements] 验证 单季度.总资产净利率ROA (table)
沈阳机床最近一年的单季度.总资产净利率ROA走势,"沈阳机床,000410.SZ,单季度.总资产净利率ROA,S_QFA_ROA",,沈阳机床,单季度.总资产净利率ROA,1y,[financial_statements] 验证 单季度.总资产净利率ROA (table)
截至2023年底美丽生态的单季度.净资产收益率ROE,"美丽生态,000010.SZ,单季度.净资产收益率ROE,S_QFA_ROE","<=,2023",美丽生态,单季度.净资产收益率ROE,until_2023,[financial_statements] 验证 单季度.净资产收益率ROE (table)
2023年特力A的单季度.净资产收益率ROE,"特力A,000025.SZ,单季度.净资产收益率ROE,S_QFA_ROE",2023,特力A,单季度.净资产收益率ROE,2023,[financial_statements] 验证 单季度.净资产收益率ROE (table)
万科A最近一年的单季度.净资产收益率ROE(扣非)走势,"万科A,000002.SZ,单季度.净资产收益率ROE(扣非),S_QFA_ROE_DEDUCTED",,万科A,单季度.净资产收益率ROE(扣非),1y,[financial_statements] 验证 单季度.净资产收益率ROE(扣非) (table)
2023年深粮控股的单季度.净资产收益率ROE(扣非),"深粮控股,000019.SZ,单季度.净资产收益率ROE(扣非),S_QFA_ROE_DEDUCTED",2023,深粮控股,单季度.净资产收益率ROE(扣非),2023,[financial_statements] 验证 单季度.净资产收益率ROE(扣非) (table)
截至2023年底沈阳机床的单季度.销售费用率,"沈阳机床,000410.SZ,单季度.销售费用率,S_QFA_SALEEXPENSETOGR","<=,2023",沈阳机床,单季度.销售费用率,until_2023,[financial_statements] 验证 单季度.销售费用率 (table)
2023年武商集团的单季度.销售费用率,"武商集团,000501.SZ,单季度.销售费用率,S_QFA_SALEEXPENSETOGR",2023,武商集团,单季度.销售费用率,2023,[financial_statements] 验证 单季度.销售费用率 (table)
2023年长虹华意的单季度.营业总成本,"长虹华意,000404.SZ,单季度.营业总成本,S_QFA_TOT_OPER_COST",2023,长虹华意,单季度.营业总成本,2023,[financial_statements] 验证 单季度.营业总成本 (table)
粤高速A的单季度.营业总成本是多少,"粤高速A,000429.SZ,单季度.营业总成本,S_QFA_TOT_OPER_COST",,粤高速A,单季度.营业总成本,10y,[financial_statements] 验证 单季度.营业总成本 (table)
国际医学最近一年的单季度.营业总收入走势,"国际医学,000516.SZ,单季度.营业总收入,S_QFA_TOT_OPER_REV",,国际医学,单季度.营业总收入,1y,[financial_statements] 验证 单季度.营业总收入 (table)
2023年南玻A的单季度.营业总收入,"南玻A,000012.SZ,单季度.营业总收入,S_QFA_TOT_OPER_REV",2023,南玻A,单季度.营业总收入,2023,[financial_statements] 验证 单季度.营业总收入 (table)
中联重科最新的单季度.利润总额,"中联重科,000157.SZ,单季度.利润总额,S_QFA_TOT_PROFIT","ORDER BY,LIMIT 1",中联重科,单季度.利润总额,latest,[financial_statements] 验证 单季度.利润总额 (table)
北方国际最新的单季度.利润总额,"北方国际,000065.SZ,单季度.利润总额,S_QFA_TOT_PROFIT","ORDER BY,LIMIT 1",北方国际,单季度.利润总额,latest,[financial_statements] 验证 单季度.利润总额 (table)
中国天楹的单季度.营业总收入YOY是多少,"中国天楹,000035.SZ,单季度.营业总收入YOY,S_QFA_YOYGR",,中国天楹,单季度.营业总收入YOY,10y,[financial_statements] 验证 单季度.营业总收入YOY (table)
沙河股份的单季度.营业总收入YOY是多少,"沙河股份,000014.SZ,单季度.营业总收入YOY,S_QFA_YOYGR",,沙河股份,单季度.营业总收入YOY,10y,[financial_statements] 验证 单季度.营业总收入YOY (table)
截至2023年底华锦股份的单季度.归母净利润YOY,"华锦股份,000059.SZ,单季度.归母净利润YOY,S_QFA_YOYNETPROFIT","<=,2023",华锦股份,单季度.归母净利润YOY,until_2023,[financial_statements] 验证 单季度.归母净利润YOY (table)
查一下南京公用的单季度.归母净利润YOY,"南京公用,000421.SZ,单季度.归母净利润YOY,S_QFA_YOYNETPROFIT",,南京公用,单季度.归母净利润YOY,10y,[financial_statements] 验证 单季度.归母净利润YOY (table)
农产品最新的单季度.营业利润YOY,"农产品,000061.SZ,单季度.营业利润YOY,S_QFA_YOYOP","ORDER BY,LIMIT 1",农产品,单季度.营业利润YOY,latest,[financial_statements] 验证 单季度.营业利润YOY (table)
金隅冀东的单季度.营业利润YOY是多少,"金隅冀东,000401.SZ,单季度.营业利润YOY,S_QFA_YOYOP",,金隅冀东,单季度.营业利润YOY,10y,[financial_statements] 验证 单季度.营业利润YOY (table)
深天马A最新的单季度.净利润YOY,"深天马A,000050.SZ,单季度.净利润YOY,S_QFA_YOYPROFIT","ORDER BY,LIMIT 1",深天马A,单季度.净利润YOY,latest,[financial_statements] 验证 单季度.净利润YOY (table)
查一下云鼎科技的单季度.净利润YOY,"云鼎科技,000409.SZ,单季度.净利润YOY,S_QFA_YOYPROFIT",,云鼎科技,单季度.净利润YOY,10y,[financial_statements] 验证 单季度.净利润YOY (table)
2023年特发信息的单季度.主营业务收入YOY,"特发信息,000070.SZ,单季度.主营业务收入YOY,S_QFA_YOYSALES",2023,特发信息,单季度.主营业务收入YOY,2023,[financial_statements] 验证 单季度.主营业务收入YOY (table)
湖北宜化最新的单季度.主营业务收入YOY,"湖北宜化,000422.SZ,单季度.主营业务收入YOY,S_QFA_YOYSALES","ORDER BY,LIMIT 1",湖北宜化,单季度.主营业务收入YOY,latest,[financial_statements] 验证 单季度.主营业务收入YOY (table)
*ST张股最新的折旧与摊销,"*ST张股,000430.SZ,折旧与摊销,S_STM_IS","ORDER BY,LIMIT 1",*ST张股,折旧与摊销,latest,[financial_statements] 验证 折旧与摊销 (table)
2023年特力A的折旧与摊销,"特力A,000025.SZ,折旧与摊销,S_STM_IS",2023,特力A,折旧与摊销,2023,[financial_statements] 验证 折旧与摊销 (table)
截至2023年底川能动力的应交税费,"川能动力,000155.SZ,应交税费,TAXES_SURCHARGES_PAYABLE","<=,2023",川能动力,应交税费,until_2023,[financial_statements] 验证 应交税费 (table)
深康佳A的应交税费是多少,"深康佳A,000016.SZ,应交税费,TAXES_SURCHARGES_PAYABLE",,深康佳A,应交税费,10y,[financial_statements] 验证 应交税费 (table)
2023年胜利股份的资产总计,"胜利股份,000407.SZ,资产总计,TOT_ASSETS",2023,胜利股份,资产总计,2023,[financial_statements] 验证 资产总计 (table)
查一下华塑控股的资产总计,"华塑控股,000509.SZ,资产总计,TOT_ASSETS",,华塑控股,资产总计,10y,[financial_statements] 验证 资产总计 (table)
通程控股最近一年的流动资产合计走势,"通程控股,000419.SZ,流动资产合计,TOT_CUR_ASSETS",,通程控股,流动资产合计,1y,[financial_statements] 验证 流动资产合计 (table)
中信海直的流动资产合计是多少,"中信海直,000099.SZ,流动资产合计,TOT_CUR_ASSETS",,中信海直,流动资产合计,10y,[financial_statements] 验证 流动资产合计 (table)
查一下中洲控股的流动负债合计,"中洲控股,000042.SZ,流动负债合计,TOT_CUR_LIAB",,中洲控股,流动负债合计,10y,[financial_statements] 验证 流动负债合计 (table)
方大集团最近一年的流动负债合计走势,"方大集团,000055.SZ,流动负债合计,TOT_CUR_LIAB",,方大集团,流动负债合计,1y,[financial_statements] 验证 流动负债合计 (table)
截至2023年底深南电A的负债合计,"深南电A,000037.SZ,负债合计,TOT_LIAB","<=,2023",深南电A,负债合计,until_2023,[financial_statements] 验证 负债合计 (table)
查一下藏格矿业的负债合计,"藏格矿业,000408.SZ,负债合计,TOT_LIAB",,藏格矿业,负债合计,10y,[financial_statements] 验证 负债合计 (table)
2023年湖北宜化的非流动资产合计,"湖北宜化,000422.SZ,非流动资产合计,TOT_NON_CUR_ASSETS",2023,湖北宜化,非流动资产合计,2023,[financial_statements] 验证 非流动资产合计 (table)
皇庭国际最新的非流动资产合计,"皇庭国际,000056.SZ,非流动资产合计,TOT_NON_CUR_ASSETS","ORDER BY,LIMIT 1",皇庭国际,非流动资产合计,latest,[financial_statements] 验证 非流动资产合计 (table)
方大集团最新的非流动负债合计,"方大集团,000055.SZ,非流动负债合计,TOT_NON_CUR_LIAB","ORDER BY,LIMIT 1",方大集团,非流动负债合计,latest,[financial_statements] 验证 非流动负债合计 (table)
2023年农产品的非流动负债合计,"农产品,000061.SZ,非流动负债合计,TOT_NON_CUR_LIAB",2023,农产品,非流动负债合计,2023,[financial_statements] 验证 非流动负债合计 (table)
2023年潍柴动力的营业总成本,"潍柴动力,000338.SZ,营业总成本,TOT_OPER_COST",2023,潍柴动力,营业总成本,2023,[financial_statements] 验证 营业总成本 (table)
查一下深赛格的营业总成本,"深赛格,000058.SZ,营业总成本,TOT_OPER_COST",,深赛格,营业总成本,10y,[financial_statements] 验证 营业总成本 (table)
截至2023年底德赛电池的营业总收入,"德赛电池,000049.SZ,营业总收入,TOT_OPER_REV","<=,2023",德赛电池,营业总收入,until_2023,[financial_statements] 验证 营业总收入 (table)
京基智农最新的营业总收入,"京基智农,000048.SZ,营业总收入,TOT_OPER_REV","ORDER BY,LIMIT 1",京基智农,营业总收入,latest,[financial_statements] 验证 营业总收入 (table)
德赛电池的利润总额是多少,"德赛电池,000049.SZ,利润总额,TOT_PROFIT",,德赛电池,利润总额,10y,[financial_statements] 验证 利润总额 (table)
华侨城A的利润总额是多少,"华侨城A,000069.SZ,利润总额,TOT_PROFIT",,华侨城A,利润总额,10y,[financial_statements] 验证 利润总额 (table)
深康佳A最新的期末总股本,"深康佳A,000016.SZ,期末总股本,TOT_SHR","ORDER BY,LIMIT 1",深康佳A,期末总股本,latest,[financial_statements] 验证 期末总股本 (table)
通程控股的期末总股本是多少,"通程控股,000419.SZ,期末总股本,TOT_SHR",,通程控股,期末总股本,10y,[financial_statements] 验证 期末总股本 (table)
美的集团最近一年的归属母公司所有者权益合计走势,"美的集团,000333.SZ,归属母公司所有者权益合计,TOT_SHRHLDR_EQY_EXCL_MIN_INT",,美的集团,归属母公司所有者权益合计,1y,[financial_statements] 验证 归属母公司所有者权益合计 (table)
截至2023年底华塑控股的归属母公司所有者权益合计,"华塑控股,000509.SZ,归属母公司所有者权益合计,TOT_SHRHLDR_EQY_EXCL_MIN_INT","<=,2023",华塑控股,归属母公司所有者权益合计,until_2023,[financial_statements] 验证 归属母公司所有者权益合计 (table)
南京公用的所有者权益合计是多少,"南京公用,000421.SZ,所有者权益合计,TOT_SHRHLDR_EQY_INCL_MIN_INT",,南京公用,所有者权益合计,10y,[financial_statements] 验证 所有者权益合计 (table)
深桑达A的所有者权益合计是多少,"深桑达A,000032.SZ,所有者权益合计,TOT_SHRHLDR_EQY_INCL_MIN_INT",,深桑达A,所有者权益合计,10y,[financial_statements] 验证 所有者权益合计 (table)
查一下深中华A的未分配利润,"深中华A,000017.SZ,未分配利润,UNDISTRIBUTED_PROFIT",,深中华A,未分配利润,10y,[financial_statements] 验证 未分配利润 (table)
全新好最新的未分配利润,"全新好,000007.SZ,未分配利润,UNDISTRIBUTED_PROFIT","ORDER BY,LIMIT 1",全新好,未分配利润,latest,[financial_statements] 验证 未分配利润 (table)
长虹华意最新的购建固定无形长期资产支付的现金YOY,"长虹华意,000404.SZ,购建固定无形长期资产支付的现金YOY,YOY_CASH_PAY","ORDER BY,LIMIT 1",长虹华意,购建固定无形长期资产支付的现金YOY,latest,[financial_statements] 验证 购建固定无形长期资产支付的现金YOY (table)
查一下渤海租赁的购建固定无形长期资产支付的现金YOY,"渤海租赁,000415.SZ,购建固定无形长期资产支付的现金YOY,YOY_CASH_PAY",,渤海租赁,购建固定无形长期资产支付的现金YOY,10y,[financial_statements] 验证 购建固定无形长期资产支付的现金YOY (table)
*ST张股最近一年的存货周转率YOY走势,"*ST张股,000430.SZ,存货周转率YOY,YOY_INVTURN",,*ST张股,存货周转率YOY,1y,[financial_statements] 验证 存货周转率YOY (table)
中金岭南最近一年的存货周转率YOY走势,"中金岭南,000060.SZ,存货周转率YOY,YOY_INVTURN",,中金岭南,存货周转率YOY,1y,[financial_statements] 验证 存货周转率YOY (table)
查一下华塑控股的净利润YOY,"华塑控股,000509.SZ,净利润YOY,YOY_NET_PROFIT_MIN",,华塑控股,净利润YOY,10y,[financial_statements] 验证 净利润YOY (table)
查一下东阿阿胶的净利润YOY,"东阿阿胶,000423.SZ,净利润YOY,YOY_NET_PROFIT_MIN",,东阿阿胶,净利润YOY,10y,[financial_statements] 验证 净利润YOY (table)
截至2023年底中金岭南的固定资产YOY,"中金岭南,000060.SZ,固定资产YOY,YOY_STM_BS_TOT","<=,2023",中金岭南,固定资产YOY,until_2023,[financial_statements] 验证 固定资产YOY (table)
2023年天健集团的固定资产YOY,"天健集团,000090.SZ,固定资产YOY,YOY_STM_BS_TOT",2023,天健集团,固定资产YOY,2023,[financial_statements] 验证 固定资产YOY (table)
潍柴动力的每股净资产-预测是多少,"潍柴动力,000338.SZ,每股净资产-预测,BPS_PREDICT",,潍柴动力,每股净资产-预测,10y,[prediction] 验证 每股净资产-预测 (table)
截至2023年底东方盛虹的每股净资产-预测,"东方盛虹,000301.SZ,每股净资产-预测,BPS_PREDICT","<=,2023",东方盛虹,每股净资产-预测,until_2023,[prediction] 验证 每股净资产-预测 (table)
特发信息最新的每股经营现金流-预测,"特发信息,000070.SZ,每股经营现金流-预测,CPS_PREDICT","ORDER BY,LIMIT 1",特发信息,每股经营现金流-预测,latest,[prediction] 验证 每股经营现金流-预测 (table)
中国长城最近一年的每股经营现金流-预测走势,"中国长城,000066.SZ,每股经营现金流-预测,CPS_PREDICT",,中国长城,每股经营现金流-预测,1y,[prediction] 验证 每股经营现金流-预测 (table)
深康佳A最新的股息收益率-预测,"深康佳A,000016.SZ,股息收益率-预测,DIVIDEND_YIELD_PREDICT","ORDER BY,LIMIT 1",深康佳A,股息收益率-预测,latest,[prediction] 验证 股息收益率-预测 (table)
方大集团最新的股息收益率-预测,"方大集团,000055.SZ,股息收益率-预测,DIVIDEND_YIELD_PREDICT","ORDER BY,LIMIT 1",方大集团,股息收益率-预测,latest,[prediction] 验证 股息收益率-预测 (table)
截至2023年底广聚能源的每股股利-预测,"广聚能源,000096.SZ,每股股利-预测,DPS_PREDICT","<=,2023",广聚能源,每股股利-预测,until_2023,[prediction] 验证 每股股利-预测 (table)
国际实业最新的每股股利-预测,"国际实业,000159.SZ,每股股利-预测,DPS_PREDICT","ORDER BY,LIMIT 1",国际实业,每股股利-预测,latest,[prediction] 验证 每股股利-预测 (table)
2023年大悦城的每股净利润-预测,"大悦城,000031.SZ,每股净利润-预测,EPS_PREDICT",2023,大悦城,每股净利润-预测,2023,[prediction] 验证 每股净利润-预测 (table)
湖北宜化最近一年的每股净利润-预测走势,"湖北宜化,000422.SZ,每股净利润-预测,EPS_PREDICT",,湖北宜化,每股净利润-预测,1y,[prediction] 验证 每股净利润-预测 (table)
截至2023年底新金路的EV/EBITDA-预测,"新金路,000510.SZ,EV/EBITDA-预测,EV_EBITDA_PREDICT","<=,2023",新金路,EV/EBITDA-预测,until_2023,[prediction] 验证 EV/EBITDA-预测 (table)
常山北明最新的EV/EBITDA-预测,"常山北明,000158.SZ,EV/EBITDA-预测,EV_EBITDA_PREDICT","ORDER BY,LIMIT 1",常山北明,EV/EBITDA-预测,latest,[prediction] 验证 EV/EBITDA-预测 (table)
深赛格最近一年的归属母公司净利润增速-预测走势,"深赛格,000058.SZ,归属母公司净利润增速-预测,NET_PROFIT_GROWTH_RATE_PREDICT",,深赛格,归属母公司净利润增速-预测,1y,[prediction] 验证 归属母公司净利润增速-预测 (table)
渝开发最近一年的归属母公司净利润增速-预测走势,"渝开发,000514.SZ,归属母公司净利润增速-预测,NET_PROFIT_GROWTH_RATE_PREDICT",,渝开发,归属母公司净利润增速-预测,1y,[prediction] 验证 归属母公司净利润增速-预测 (table)
2023年中信海直的归属母公司净利润-预测,"中信海直,000099.SZ,归属母公司净利润-预测,NET_PROFIT_PREDICT",2023,中信海直,归属母公司净利润-预测,2023,[prediction] 验证 归属母公司净利润-预测 (table)
深科技最近一年的归属母公司净利润-预测走势,"深科技,000021.SZ,归属母公司净利润-预测,NET_PROFIT_PREDICT",,深科技,归属母公司净利润-预测,1y,[prediction] 验证 归属母公司净利润-预测 (table)
截至2023年底中兴通讯的市净率-预测,"中兴通讯,000063.SZ,市净率-预测,PB_PREDICT","<=,2023",中兴通讯,市净率-预测,until_2023,[prediction] 验证 市净率-预测 (table)
中信海直最新的市净率-预测,"中信海直,000099.SZ,市净率-预测,PB_PREDICT","ORDER BY,LIMIT 1",中信海直,市净率-预测,latest,[prediction] 验证 市净率-预测 (table)
潍柴动力最新的市盈率-预测,"潍柴动力,000338.SZ,市盈率-预测,PE_PREDICT","ORDER BY,LIMIT 1",潍柴动力,市盈率-预测,latest,[prediction] 验证 市盈率-预测 (table)
2023年通程控股的市盈率-预测,"通程控股,000419.SZ,市盈率-预测,PE_PREDICT",2023,通程控股,市盈率-预测,2023,[prediction] 验证 市盈率-预测 (table)
深赛格的预测值标识是多少,"深赛格,000058.SZ,预测值标识,PREDICT_FLAG",,深赛格,预测值标识,10y,[prediction] 验证 预测值标识 (table)
深南电A最新的预测值标识,"深南电A,000037.SZ,预测值标识,PREDICT_FLAG","ORDER BY,LIMIT 1",深南电A,预测值标识,latest,[prediction] 验证 预测值标识 (table)
合百集团最新的市销率-预测,"合百集团,000417.SZ,市销率-预测,PS_PREDICT","ORDER BY,LIMIT 1",合百集团,市销率-预测,latest,[prediction] 验证 市销率-预测 (table)
国药一致最新的市销率-预测,"国药一致,000028.SZ,市销率-预测,PS_PREDICT","ORDER BY,LIMIT 1",国药一致,市销率-预测,latest,[prediction] 验证 市销率-预测 (table)
ST晨鸣最近一年的扣非后净利润增速-预测走势,"ST晨鸣,000488.SZ,扣非后净利润增速-预测,RECURRENT_NET_INCOME_GROWTH_RATE_PREDICT",,ST晨鸣,扣非后净利润增速-预测,1y,[prediction] 验证 扣非后净利润增速-预测 (table)
查一下中兴通讯的扣非后净利润增速-预测,"中兴通讯,000063.SZ,扣非后净利润增速-预测,RECURRENT_NET_INCOME_GROWTH_RATE_PREDICT",,中兴通讯,扣非后净利润增速-预测,10y,[prediction] 验证 扣非后净利润增速-预测 (table)
京粮控股最近一年的扣非后净利润-预测走势,"京粮控股,000505.SZ,扣非后净利润-预测,RECURRENT_NET_INCOME_PREDICT",,京粮控股,扣非后净利润-预测,1y,[prediction] 验证 扣非后净利润-预测 (table)
截至2023年底中国长城的扣非后净利润-预测,"中国长城,000066.SZ,扣非后净利润-预测,RECURRENT_NET_INCOME_PREDICT","<=,2023",中国长城,扣非后净利润-预测,until_2023,[prediction] 验证 扣非后净利润-预测 (table)
截至2023年底万科A的营业收入增速-预测,"万科A,000002.SZ,营业收入增速-预测,REVENUE_GROWTH_RATE_PREDICT","<=,2023",万科A,营业收入增速-预测,until_2023,[prediction] 验证 营业收入增速-预测 (table)
飞亚达的营业收入增速-预测是多少,"飞亚达,000026.SZ,营业收入增速-预测,REVENUE_GROWTH_RATE_PREDICT",,飞亚达,营业收入增速-预测,10y,[prediction] 验证 营业收入增速-预测 (table)
盐田港最新的营业收入-预测,"盐田港,000088.SZ,营业收入-预测,REVENUE_PREDICT","ORDER BY,LIMIT 1",盐田港,营业收入-预测,latest,[prediction] 验证 营业收入-预测 (table)
2023年中成股份的营业收入-预测,"中成股份,000151.SZ,营业收入-预测,REVENUE_PREDICT",2023,中成股份,营业收入-预测,2023,[prediction] 验证 营业收入-预测 (table)
云鼎科技最新的平均总资产收益率-预测,"云鼎科技,000409.SZ,平均总资产收益率-预测,ROAA_PREDICT","ORDER BY,LIMIT 1",云鼎科技,平均总资产收益率-预测,latest,[prediction] 验证 平均总资产收益率-预测 (table)
深粮控股最新的平均总资产收益率-预测,"深粮控股,000019.SZ,平均总资产收益率-预测,ROAA_PREDICT","ORDER BY,LIMIT 1",深粮控股,平均总资产收益率-预测,latest,[prediction] 验证 平均总资产收益率-预测 (table)
徐工机械最近一年的平均净资产收益率-预测走势,"徐工机械,000425.SZ,平均净资产收益率-预测,ROAE_PREDICT",,徐工机械,平均净资产收益率-预测,1y,[prediction] 验证 平均净资产收益率-预测 (table)
藏格矿业的平均净资产收益率-预测是多少,"藏格矿业,000408.SZ,平均净资产收益率-预测,ROAE_PREDICT",,藏格矿业,平均净资产收益率-预测,10y,[prediction] 验证 平均净资产收益率-预测 (table)
2023年德赛电池的毛利率,"德赛电池,000049.SZ,毛利率,GROSS_PROFIT_MARGIN",2023,德赛电池,毛利率,2023,[main_business] 验证 毛利率 (bar)
深物业A的毛利率是多少,"深物业A,000011.SZ,毛利率,GROSS_PROFIT_MARGIN",,深物业A,毛利率,5y,[main_business] 验证 毛利率 (bar)
2023年吉林化纤的毛利率增长率,"吉林化纤,000420.SZ,毛利率增长率,INC_PROFIT_MARGIN",2023,吉林化纤,毛利率增长率,2023,[main_business] 验证 毛利率增长率 (bar)
深物业A最新的毛利率增长率,"深物业A,000011.SZ,毛利率增长率,INC_PROFIT_MARGIN","ORDER BY,LIMIT 1",深物业A,毛利率增长率,latest,[main_business] 验证 毛利率增长率 (bar)
神州数码最近一年的主营业务成本同比增长率走势,"神州数码,000034.SZ,主营业务成本同比增长率,INC_SEGMENT_COST",,神州数码,主营业务成本同比增长率,1y,[main_business] 验证 主营业务成本同比增长率 (bar)
合百集团最新的主营业务成本同比增长率,"合百集团,000417.SZ,主营业务成本同比增长率,INC_SEGMENT_COST","ORDER BY,LIMIT 1",合百集团,主营业务成本同比增长率,latest,[main_business] 验证 主营业务成本同比增长率 (bar)
2023年珠海港的主营业务利润同比增长率,"珠海港,000507.SZ,主营业务利润同比增长率,INC_SEGMENT_PROFIT",2023,珠海港,主营业务利润同比增长率,2023,[main_business] 验证 主营业务利润同比增长率 (bar)
查一下徐工机械的主营业务利润同比增长率,"徐工机械,000425.SZ,主营业务利润同比增长率,INC_SEGMENT_PROFIT",,徐工机械,主营业务利润同比增长率,5y,[main_business] 验证 主营业务利润同比增长率 (bar)
2023年中国宝安的主营业务收入同比增长率,"中国宝安,000009.SZ,主营业务收入同比增长率,INC_SEGMENT_SALES",2023,中国宝安,主营业务收入同比增长率,2023,[main_business] 验证 主营业务收入同比增长率 (bar)
2023年金隅冀东的主营业务收入同比增长率,"金隅冀东,000401.SZ,主营业务收入同比增长率,INC_SEGMENT_SALES",2023,金隅冀东,主营业务收入同比增长率,2023,[main_business] 验证 主营业务收入同比增长率 (bar)
深圳华强最近一年的是否公布值走势,"深圳华强,000062.SZ,是否公布值,IS_PUBLISHED_VALUE",,深圳华强,是否公布值,1y,[main_business] 验证 是否公布值 (bar)
截至2023年底华锦股份的是否公布值,"华锦股份,000059.SZ,是否公布值,IS_PUBLISHED_VALUE","<=,2023",华锦股份,是否公布值,until_2023,[main_business] 验证 是否公布值 (bar)
华数传媒最新的主营业务成本占比,"华数传媒,000156.SZ,主营业务成本占比,PCT_SEGMENT_COST","ORDER BY,LIMIT 1",华数传媒,主营业务成本占比,latest,[main_business] 验证 主营业务成本占比 (bar)
渤海租赁的主营业务成本占比是多少,"渤海租赁,000415.SZ,主营业务成本占比,PCT_SEGMENT_COST",,渤海租赁,主营业务成本占比,5y,[main_business] 验证 主营业务成本占比 (bar)
2023年国际实业的主营业务利润占比,"国际实业,000159.SZ,主营业务利润占比,PCT_SEGMENT_PROFIT",2023,国际实业,主营业务利润占比,2023,[main_business] 验证 主营业务利润占比 (bar)
2023年兴业银锡的主营业务利润占比,"兴业银锡,000426.SZ,主营业务利润占比,PCT_SEGMENT_PROFIT",2023,兴业银锡,主营业务利润占比,2023,[main_business] 验证 主营业务利润占比 (bar)
TCL科技最近一年的主营业务收入占比走势,"TCL科技,000100.SZ,主营业务收入占比,PCT_SEGMENT_SALES",,TCL科技,主营业务收入占比,1y,[main_business] 验证 主营业务收入占比 (bar)
川能动力最新的主营业务收入占比,"川能动力,000155.SZ,主营业务收入占比,PCT_SEGMENT_SALES","ORDER BY,LIMIT 1",川能动力,主营业务收入占比,latest,[main_business] 验证 主营业务收入占比 (bar)
查一下珠海港的报告期类型,"珠海港,000507.SZ,报告期类型,REPORT_TYPE",,珠海港,报告期类型,5y,[main_business] 验证 报告期类型 (bar)
截至2023年底国际医学的报告期类型,"国际医学,000516.SZ,报告期类型,REPORT_TYPE","<=,2023",国际医学,报告期类型,until_2023,[main_business] 验证 报告期类型 (bar)
中国宝安最近一年的主营业务成本走势,"中国宝安,000009.SZ,主营业务成本,S_SEGMENT_COST",,中国宝安,主营业务成本,1y,[main_business] 验证 主营业务成本 (bar)
查一下南京公用的主营业务成本,"南京公用,000421.SZ,主营业务成本,S_SEGMENT_COST",,南京公用,主营业务成本,5y,[main_business] 验证 主营业务成本 (bar)
广聚能源最新的主营业务项目,"广聚能源,000096.SZ,主营业务项目,S_SEGMENT_ITEM","ORDER BY,LIMIT 1",广聚能源,主营业务项目,latest,[main_business] 验证 主营业务项目 (bar)
2023年深圳机场的主营业务项目,"深圳机场,000089.SZ,主营业务项目,S_SEGMENT_ITEM",2023,深圳机场,主营业务项目,2023,[main_business] 验证 主营业务项目 (bar)
新金路最新的主营业务利润,"新金路,000510.SZ,主营业务利润,S_SEGMENT_PROFIT","ORDER BY,LIMIT 1",新金路,主营业务利润,latest,[main_business] 验证 主营业务利润 (bar)
平安银行最近一年的主营业务利润走势,"平安银行,000001.SZ,主营业务利润,S_SEGMENT_PROFIT",,平安银行,主营业务利润,1y,[main_business] 验证 主营业务利润 (bar)
深圳华强的主营业务收入是多少,"深圳华强,000062.SZ,主营业务收入,S_SEGMENT_SALES",,深圳华强,主营业务收入,5y,[main_business] 验证 主营业务收入 (bar)
2023年合百集团的主营业务收入,"合百集团,000417.SZ,主营业务收入,S_SEGMENT_SALES",2023,合百集团,主营业务收入,2023,[main_business] 验证 主营业务收入 (bar)
