question,expected_keywords,expected_conditions,expect_company,expect_indicator,expect_time,description
深圳华强最新的累计现金分红数额,"深圳华强,000062.SZ,累计现金分红数额,ACC_DIVIDEND_AMOUNT","ORDER BY,LIMIT 1",深圳华强,累计现金分红数额,latest,[dividend] 验证 累计现金分红数额 (table)
派林生物最新的累计现金分红数额,"派林生物,000403.SZ,累计现金分红数额,ACC_DIVIDEND_AMOUNT","ORDER BY,LIMIT 1",派林生物,累计现金分红数额,latest,[dividend] 验证 累计现金分红数额 (table)
平安银行最近一年的累计现金分红次数走势,"平安银行,000001.SZ,累计现金分红次数,ACC_DIVIDEND_COUNT",,平安银行,累计现金分红次数,1y,[dividend] 验证 累计现金分红次数 (table)
通程控股的累计现金分红次数是多少,"通程控股,000419.SZ,累计现金分红次数,ACC_DIVIDEND_COUNT",,通程控股,累计现金分红次数,10y,[dividend] 验证 累计现金分红次数 (table)
截至2023年底飞亚达的累计归母净利润,"飞亚达,000026.SZ,累计归母净利润,ACC_NET_PROFIT","<=,2023",飞亚达,累计归母净利润,until_2023,[dividend] 验证 累计归母净利润 (table)
潍柴动力最新的累计归母净利润,"潍柴动力,000338.SZ,累计归母净利润,ACC_NET_PROFIT","ORDER BY,LIMIT 1",潍柴动力,累计归母净利润,latest,[dividend] 验证 累计归母净利润 (table)
查一下丰原药业的分红率,"丰原药业,000153.SZ,分红率,DIVIDEND_RATIO",,丰原药业,分红率,10y,[dividend] 验证 分红率 (table)
截至2023年底京基智农的分红率,"京基智农,000048.SZ,分红率,DIVIDEND_RATIO","<=,2023",京基智农,分红率,until_2023,[dividend] 验证 分红率 (table)
2023年云鼎科技的年度每股股利(税前),"云鼎科技,000409.SZ,年度每股股利(税前),ACC_CASH_DVD_PER_SH_PRE_TAX",2023,云鼎科技,年度每股股利(税前),2023,[dividend] 验证 年度每股股利(税前) (table)
广聚能源的年度每股股利(税前)是多少,"广聚能源,000096.SZ,年度每股股利(税前),ACC_CASH_DVD_PER_SH_PRE_TAX",,广聚能源,年度每股股利(税前),10y,[dividend] 验证 年度每股股利(税前) (table)
盐田港最新的年度累计现金分红总额,"盐田港,000088.SZ,年度累计现金分红总额,ACC_TOT_CASH_DVD","ORDER BY,LIMIT 1",盐田港,年度累计现金分红总额,latest,[dividend] 验证 年度累计现金分红总额 (table)
截至2023年底湖北宜化的年度累计现金分红总额,"湖北宜化,000422.SZ,年度累计现金分红总额,ACC_TOT_CASH_DVD","<=,2023",湖北宜化,年度累计现金分红总额,until_2023,[dividend] 验证 年度累计现金分红总额 (table)
2023年全新好的年度现金分红比例,"全新好,000007.SZ,年度现金分红比例,ACC_TOT_CASH_DVD_RATE",2023,全新好,年度现金分红比例,2023,[dividend] 验证 年度现金分红比例 (table)
沙河股份最新的年度现金分红比例,"沙河股份,000014.SZ,年度现金分红比例,ACC_TOT_CASH_DVD_RATE","ORDER BY,LIMIT 1",沙河股份,年度现金分红比例,latest,[dividend] 验证 年度现金分红比例 (table)
截至2023年底合百集团的已宣告分红金额,"合百集团,000417.SZ,已宣告分红金额,DEC_DIV_CASH","<=,2023",合百集团,已宣告分红金额,until_2023,[dividend] 验证 已宣告分红金额 (table)
2023年深圳能源的已宣告分红金额,"深圳能源,000027.SZ,已宣告分红金额,DEC_DIV_CASH",2023,深圳能源,已宣告分红金额,2023,[dividend] 验证 已宣告分红金额 (table)
华联控股的股息率是多少,"华联控股,000036.SZ,股息率,DIV_YIELD",,华联控股,股息率,10y,[dividend] 验证 股息率 (table)
截至2023年底深粮控股的股息率,"深粮控股,000019.SZ,股息率,DIV_YIELD","<=,2023",深粮控股,股息率,until_2023,[dividend] 验证 股息率 (table)
2023年深纺织A的前复权收盘价,"深纺织A,000045.SZ,前复权收盘价,ADJCLOSE_BACKWARD","2023,TRADE_DT",深纺织A,前复权收盘价,2023,[market] 验证 前复权收盘价 (kline)
截至2023年底深粮控股的前复权收盘价,"深粮控股,000019.SZ,前复权收盘价,ADJCLOSE_BACKWARD","<=,2023,TRADE_DT",深粮控股,前复权收盘价,until_2023,[market] 验证 前复权收盘价 (kline)
平安银行最新的复权收盘价,"平安银行,000001.SZ,复权收盘价,ADJCLOSE_PRICE","ORDER BY,LIMIT 1,TRADE_DT",平安银行,复权收盘价,latest,[market] 验证 复权收盘价 (kline)
深天马A最新的复权收盘价,"深天马A,000050.SZ,复权收盘价,ADJCLOSE_PRICE","ORDER BY,LIMIT 1,TRADE_DT",深天马A,复权收盘价,latest,[market] 验证 复权收盘价 (kline)
深桑达A最近一年的前复权最高价走势,"深桑达A,000032.SZ,前复权最高价,ADJHIGH_BACKWARD",TRADE_DT,深桑达A,前复权最高价,1y,[market] 验证 前复权最高价 (kline)
方大集团最新的前复权最高价,"方大集团,000055.SZ,前复权最高价,ADJHIGH_BACKWARD","ORDER BY,LIMIT 1,TRADE_DT",方大集团,前复权最高价,latest,[market] 验证 前复权最高价 (kline)
截至2023年底武商集团的复权最高价,"武商集团,000501.SZ,复权最高价,ADJHIGH_PRICE","<=,2023,TRADE_DT",武商集团,复权最高价,until_2023,[market] 验证 复权最高价 (kline)
2023年平安银行的复权最高价,"平安银行,000001.SZ,复权最高价,ADJHIGH_PRICE","2023,TRADE_DT",平安银行,复权最高价,2023,[market] 验证 复权最高价 (kline)
渝开发最新的前复权最低价,"渝开发,000514.SZ,前复权最低价,ADJLOW_BACKWARD","ORDER BY,LIMIT 1,TRADE_DT",渝开发,前复权最低价,latest,[market] 验证 前复权最低价 (kline)
查一下国药一致的前复权最低价,"国药一致,000028.SZ,前复权最低价,ADJLOW_BACKWARD",TRADE_DT,国药一致,前复权最低价,10y,[market] 验证 前复权最低价 (kline)
皇庭国际最新的复权最低价,"皇庭国际,000056.SZ,复权最低价,ADJLOW_PRICE","ORDER BY,LIMIT 1,TRADE_DT",皇庭国际,复权最低价,latest,[market] 验证 复权最低价 (kline)
2023年方大集团的复权最低价,"方大集团,000055.SZ,复权最低价,ADJLOW_PRICE","2023,TRADE_DT",方大集团,复权最低价,2023,[market] 验证 复权最低价 (kline)
查一下国际医学的前复权开盘价,"国际医学,000516.SZ,前复权开盘价,ADJOPEN_BACKWARD",TRADE_DT,国际医学,前复权开盘价,10y,[market] 验证 前复权开盘价 (kline)
中信海直最近一年的前复权开盘价走势,"中信海直,000099.SZ,前复权开盘价,ADJOPEN_BACKWARD",TRADE_DT,中信海直,前复权开盘价,1y,[market] 验证 前复权开盘价 (kline)
查一下特发信息的复权开盘价,"特发信息,000070.SZ,复权开盘价,ADJOPEN_PRICE",TRADE_DT,特发信息,复权开盘价,10y,[market] 验证 复权开盘价 (kline)
潍柴动力最近一年的复权开盘价走势,"潍柴动力,000338.SZ,复权开盘价,ADJOPEN_PRICE",TRADE_DT,潍柴动力,复权开盘价,1y,[market] 验证 复权开盘价 (kline)
京粮控股最近一年的前复权昨收盘价走势,"京粮控股,000505.SZ,前复权昨收盘价,ADJPRECLOSE_BACKWARD",TRADE_DT,京粮控股,前复权昨收盘价,1y,[market] 验证 前复权昨收盘价 (kline)
胜利股份最新的前复权昨收盘价,"胜利股份,000407.SZ,前复权昨收盘价,ADJPRECLOSE_BACKWARD","ORDER BY,LIMIT 1,TRADE_DT",胜利股份,前复权昨收盘价,latest,[market] 验证 前复权昨收盘价 (kline)
深深房A最近一年的复权昨收盘价走势,"深深房A,000029.SZ,复权昨收盘价,ADJPRECLOSE_PRICE",TRADE_DT,深深房A,复权昨收盘价,1y,[market] 验证 复权昨收盘价 (kline)
查一下沙河股份的复权昨收盘价,"沙河股份,000014.SZ,复权昨收盘价,ADJPRECLOSE_PRICE",TRADE_DT,沙河股份,复权昨收盘价,10y,[market] 验证 复权昨收盘价 (kline)
川能动力最新的周ALPHA(近100周),"川能动力,000155.SZ,周ALPHA(近100周),ALPHA_100W","ORDER BY,LIMIT 1",川能动力,周ALPHA(近100周),latest,[market] 验证 周ALPHA(近100周) (line)
合百集团的周ALPHA(近100周)是多少,"合百集团,000417.SZ,周ALPHA(近100周),ALPHA_100W",,合百集团,周ALPHA(近100周),10y,[market] 验证 周ALPHA(近100周) (line)
ST晨鸣最新的月ALPHA(近24月),"ST晨鸣,000488.SZ,月ALPHA(近24月),ALPHA_24M","ORDER BY,LIMIT 1",ST晨鸣,月ALPHA(近24月),latest,[market] 验证 月ALPHA(近24月) (line)
京粮控股最近一年的月ALPHA(近24月)走势,"京粮控股,000505.SZ,月ALPHA(近24月),ALPHA_24M",,京粮控股,月ALPHA(近24月),1y,[market] 验证 月ALPHA(近24月) (line)
2023年胜利股份的月ALPHA(近60月),"胜利股份,000407.SZ,月ALPHA(近60月),ALPHA_60M",2023,胜利股份,月ALPHA(近60月),2023,[market] 验证 月ALPHA(近60月) (line)
海王生物最新的月ALPHA(近60月),"海王生物,000078.SZ,月ALPHA(近60月),ALPHA_60M","ORDER BY,LIMIT 1",海王生物,月ALPHA(近60月),latest,[market] 验证 月ALPHA(近60月) (line)
神州高铁的日ALPHA(近1年)是多少,"神州高铁,000008.SZ,日ALPHA(近1年),ALPHA_DAY_1Y",,神州高铁,日ALPHA(近1年),10y,[market] 验证 日ALPHA(近1年) (line)
深圳能源最新的日ALPHA(近1年),"深圳能源,000027.SZ,日ALPHA(近1年),ALPHA_DAY_1Y","ORDER BY,LIMIT 1",深圳能源,日ALPHA(近1年),latest,[market] 验证 日ALPHA(近1年) (line)
2023年大悦城的日ALPHA(近2年),"大悦城,000031.SZ,日ALPHA(近2年),ALPHA_DAY_2Y",2023,大悦城,日ALPHA(近2年),2023,[market] 验证 日ALPHA(近2年) (line)
兴业银锡最近一年的日ALPHA(近2年)走势,"兴业银锡,000426.SZ,日ALPHA(近2年),ALPHA_DAY_2Y",,兴业银锡,日ALPHA(近2年),1y,[market] 验证 日ALPHA(近2年) (line)
2023年*ST生物的成交额(本月以来),"*ST生物,000504.SZ,成交额(本月以来),AMOUNT_M",2023,*ST生物,成交额(本月以来),2023,[market] 验证 成交额(本月以来) (line)
截至2023年底北方国际的成交额(本月以来),"北方国际,000065.SZ,成交额(本月以来),AMOUNT_M","<=,2023",北方国际,成交额(本月以来),until_2023,[market] 验证 成交额(本月以来) (line)
截至2023年底南玻A的成交额(本周以来),"南玻A,000012.SZ,成交额(本周以来),AMOUNT_W","<=,2023",南玻A,成交额(本周以来),until_2023,[market] 验证 成交额(本周以来) (line)
2023年金融街的成交额(本周以来),"金融街,000402.SZ,成交额(本周以来),AMOUNT_W",2023,金融街,成交额(本周以来),2023,[market] 验证 成交额(本周以来) (line)
查一下深振业A的周BETA(近100周),"深振业A,000006.SZ,周BETA(近100周),BETA_100W",,深振业A,周BETA(近100周),10y,[market] 验证 周BETA(近100周) (line)
深深房A的周BETA(近100周)是多少,"深深房A,000029.SZ,周BETA(近100周),BETA_100W",,深深房A,周BETA(近100周),10y,[market] 验证 周BETA(近100周) (line)
山东路桥的月BETA(近24月)是多少,"山东路桥,000498.SZ,月BETA(近24月),BETA_24M",,山东路桥,月BETA(近24月),10y,[market] 验证 月BETA(近24月) (line)
美的集团的月BETA(近24月)是多少,"美的集团,000333.SZ,月BETA(近24月),BETA_24M",,美的集团,月BETA(近24月),10y,[market] 验证 月BETA(近24月) (line)
2023年华侨城A的月BETA(近60月),"华侨城A,000069.SZ,月BETA(近60月),BETA_60M",2023,华侨城A,月BETA(近60月),2023,[market] 验证 月BETA(近60月) (line)
截至2023年底美丽生态的月BETA(近60月),"美丽生态,000010.SZ,月BETA(近60月),BETA_60M","<=,2023",美丽生态,月BETA(近60月),until_2023,[market] 验证 月BETA(近60月) (line)
2023年珠海港的日BETA(近1年),"珠海港,000507.SZ,日BETA(近1年),BETA_DAY_1Y",2023,珠海港,日BETA(近1年),2023,[market] 验证 日BETA(近1年) (line)
深赛格最近一年的日BETA(近1年)走势,"深赛格,000058.SZ,日BETA(近1年),BETA_DAY_1Y",,深赛格,日BETA(近1年),1y,[market] 验证 日BETA(近1年) (line)
丰原药业的日BETA(近2年)是多少,"丰原药业,000153.SZ,日BETA(近2年),BETA_DAY_2Y",,丰原药业,日BETA(近2年),10y,[market] 验证 日BETA(近2年) (line)
查一下南玻A的日BETA(近2年),"南玻A,000012.SZ,日BETA(近2年),BETA_DAY_2Y",,南玻A,日BETA(近2年),10y,[market] 验证 日BETA(近2年) (line)
华联控股的流通股本是多少,"华联控股,000036.SZ,流通股本,FLOAT_A_SHR_TODAY",,华联控股,流通股本,10y,[market] 验证 流通股本 (line)
截至2023年底华侨城A的流通股本,"华侨城A,000069.SZ,流通股本,FLOAT_A_SHR_TODAY","<=,2023",华侨城A,流通股本,until_2023,[market] 验证 流通股本 (line)
查一下深粮控股的周平均涨跌幅(近100周),"深粮控股,000019.SZ,周平均涨跌幅(近100周),PCT_CHANGE_AVE_100W",,深粮控股,周平均涨跌幅(近100周),10y,[market] 验证 周平均涨跌幅(近100周) (line)
查一下农产品的周平均涨跌幅(近100周),"农产品,000061.SZ,周平均涨跌幅(近100周),PCT_CHANGE_AVE_100W",,农产品,周平均涨跌幅(近100周),10y,[market] 验证 周平均涨跌幅(近100周) (line)
深康佳A最新的月平均涨跌幅(近24月),"深康佳A,000016.SZ,月平均涨跌幅(近24月),PCT_CHANGE_AVE_24M","ORDER BY,LIMIT 1",深康佳A,月平均涨跌幅(近24月),latest,[market] 验证 月平均涨跌幅(近24月) (line)
查一下华天酒店的月平均涨跌幅(近24月),"华天酒店,000428.SZ,月平均涨跌幅(近24月),PCT_CHANGE_AVE_24M",,华天酒店,月平均涨跌幅(近24月),10y,[market] 验证 月平均涨跌幅(近24月) (line)
深圳华强的月平均涨跌幅(近60月)是多少,"深圳华强,000062.SZ,月平均涨跌幅(近60月),PCT_CHANGE_AVE_60M",,深圳华强,月平均涨跌幅(近60月),10y,[market] 验证 月平均涨跌幅(近60月) (line)
深南电A的月平均涨跌幅(近60月)是多少,"深南电A,000037.SZ,月平均涨跌幅(近60月),PCT_CHANGE_AVE_60M",,深南电A,月平均涨跌幅(近60月),10y,[market] 验证 月平均涨跌幅(近60月) (line)
*ST国华最新的涨跌幅(本月以来),"*ST国华,000004.SZ,涨跌幅(本月以来),PCT_CHANGE_M","ORDER BY,LIMIT 1",*ST国华,涨跌幅(本月以来),latest,[market] 验证 涨跌幅(本月以来) (line)
深深房A最近一年的涨跌幅(本月以来)走势,"深深房A,000029.SZ,涨跌幅(本月以来),PCT_CHANGE_M",,深深房A,涨跌幅(本月以来),1y,[market] 验证 涨跌幅(本月以来) (line)
深圳机场的涨跌幅(本周以来)是多少,"深圳机场,000089.SZ,涨跌幅(本周以来),PCT_CHANGE_W",,深圳机场,涨跌幅(本周以来),10y,[market] 验证 涨跌幅(本周以来) (line)
查一下金隅冀东的涨跌幅(本周以来),"金隅冀东,000401.SZ,涨跌幅(本周以来),PCT_CHANGE_W",,金隅冀东,涨跌幅(本周以来),10y,[market] 验证 涨跌幅(本周以来) (line)
2023年美的集团的昨收盘价,"美的集团,000333.SZ,昨收盘价,PRECLOSE_PRICE","2023,TRADE_DT",美的集团,昨收盘价,2023,[market] 验证 昨收盘价 (kline)
飞亚达最近一年的昨收盘价走势,"飞亚达,000026.SZ,昨收盘价,PRECLOSE_PRICE",TRADE_DT,飞亚达,昨收盘价,1y,[market] 验证 昨收盘价 (kline)
截至2023年底渤海租赁的周收益率标准差(近100周),"渤海租赁,000415.SZ,周收益率标准差(近100周),STD_DEVIATION_100W","<=,2023",渤海租赁,周收益率标准差(近100周),until_2023,[market] 验证 周收益率标准差(近100周) (line)
海王生物最新的周收益率标准差(近100周),"海王生物,000078.SZ,周收益率标准差(近100周),STD_DEVIATION_100W","ORDER BY,LIMIT 1",海王生物,周收益率标准差(近100周),latest,[market] 验证 周收益率标准差(近100周) (line)
2023年合百集团的月收益率标准差(近24月),"合百集团,000417.SZ,月收益率标准差(近24月),STD_DEVIATION_24M",2023,合百集团,月收益率标准差(近24月),2023,[market] 验证 月收益率标准差(近24月) (line)
查一下英特集团的月收益率标准差(近24月),"英特集团,000411.SZ,月收益率标准差(近24月),STD_DEVIATION_24M",,英特集团,月收益率标准差(近24月),10y,[market] 验证 月收益率标准差(近24月) (line)
2023年*ST张股的月收益率标准差(近60月),"*ST张股,000430.SZ,月收益率标准差(近60月),STD_DEVIATION_60M",2023,*ST张股,月收益率标准差(近60月),2023,[market] 验证 月收益率标准差(近60月) (line)
2023年沙河股份的月收益率标准差(近60月),"沙河股份,000014.SZ,月收益率标准差(近60月),STD_DEVIATION_60M",2023,沙河股份,月收益率标准差(近60月),2023,[market] 验证 月收益率标准差(近60月) (line)
深中华A最新的成交金额,"深中华A,000017.SZ,成交金额,S_DQ_AMOUNT","ORDER BY,LIMIT 1",深中华A,成交金额,latest,[market] 验证 成交金额 (line)
截至2023年底东方盛虹的成交金额,"东方盛虹,000301.SZ,成交金额,S_DQ_AMOUNT","<=,2023",东方盛虹,成交金额,until_2023,[market] 验证 成交金额 (line)
截至2023年底华侨城A的涨跌,"华侨城A,000069.SZ,涨跌,S_DQ_CHANGE","<=,2023",华侨城A,涨跌,until_2023,[market] 验证 涨跌 (line)
查一下山东路桥的涨跌,"山东路桥,000498.SZ,涨跌,S_DQ_CHANGE",,山东路桥,涨跌,10y,[market] 验证 涨跌 (line)
截至2023年底珠海港的收盘价,"珠海港,000507.SZ,收盘价,S_DQ_CLOSE","<=,2023,TRADE_DT",珠海港,收盘价,until_2023,[market] 验证 收盘价 (kline)
特发信息的收盘价是多少,"特发信息,000070.SZ,收盘价,S_DQ_CLOSE",TRADE_DT,特发信息,收盘价,10y,[market] 验证 收盘价 (kline)
国际实业的最高价是多少,"国际实业,000159.SZ,最高价,S_DQ_HIGH",TRADE_DT,国际实业,最高价,10y,[market] 验证 最高价 (kline)
查一下ST晨鸣的最高价,"ST晨鸣,000488.SZ,最高价,S_DQ_HIGH",TRADE_DT,ST晨鸣,最高价,10y,[market] 验证 最高价 (kline)
查一下全新好的最低价,"全新好,000007.SZ,最低价,S_DQ_LOW",TRADE_DT,全新好,最低价,10y,[market] 验证 最低价 (kline)
2023年国际实业的最低价,"国际实业,000159.SZ,最低价,S_DQ_LOW","2023,TRADE_DT",国际实业,最低价,2023,[market] 验证 最低价 (kline)
2023年派林生物的流通市值,"派林生物,000403.SZ,流通市值,S_DQ_MV",2023,派林生物,流通市值,2023,[market] 验证 流通市值 (line)
广聚能源的流通市值是多少,"广聚能源,000096.SZ,流通市值,S_DQ_MV",,广聚能源,流通市值,10y,[market] 验证 流通市值 (line)
华天酒店的开盘价是多少,"华天酒店,000428.SZ,开盘价,S_DQ_OPEN",TRADE_DT,华天酒店,开盘价,10y,[market] 验证 开盘价 (kline)
截至2023年底深圳能源的开盘价,"深圳能源,000027.SZ,开盘价,S_DQ_OPEN","<=,2023,TRADE_DT",深圳能源,开盘价,until_2023,[market] 验证 开盘价 (kline)
截至2023年底深纺织A的涨跌幅,"深纺织A,000045.SZ,涨跌幅,S_DQ_PCTCHANGE","<=,2023",深纺织A,涨跌幅,until_2023,[market] 验证 涨跌幅 (line)
2023年深华发A的涨跌幅,"深华发A,000020.SZ,涨跌幅,S_DQ_PCTCHANGE",2023,深华发A,涨跌幅,2023,[market] 验证 涨跌幅 (line)
沈阳机床最近一年的成交量走势,"沈阳机床,000410.SZ,成交量,S_DQ_VOLUME",TRADE_DT,沈阳机床,成交量,1y,[market] 验证 成交量 (kline)
深桑达A的成交量是多少,"深桑达A,000032.SZ,成交量,S_DQ_VOLUME",TRADE_DT,深桑达A,成交量,10y,[market] 验证 成交量 (kline)
2023年深科技的日换手率,"深科技,000021.SZ,日换手率,TURNOVER_D",2023,深科技,日换手率,2023,[market] 验证 日换手率 (line)
新金路最近一年的日换手率走势,"新金路,000510.SZ,日换手率,TURNOVER_D",,新金路,日换手率,1y,[market] 验证 日换手率 (line)
2023年潍柴动力的日换手率(自由流通股本),"潍柴动力,000338.SZ,日换手率(自由流通股本),TURNOVER_D_FLOAT",2023,潍柴动力,日换手率(自由流通股本),2023,[market] 验证 日换手率(自由流通股本) (line)
查一下中集集团的日换手率(自由流通股本),"中集集团,000039.SZ,日换手率(自由流通股本),TURNOVER_D_FLOAT",,中集集团,日换手率(自由流通股本),10y,[market] 验证 日换手率(自由流通股本) (line)
皇庭国际的月换手率是多少,"皇庭国际,000056.SZ,月换手率,TURNOVER_M",,皇庭国际,月换手率,10y,[market] 验证 月换手率 (line)
查一下海王生物的月换手率,"海王生物,000078.SZ,月换手率,TURNOVER_M",,海王生物,月换手率,10y,[market] 验证 月换手率 (line)
查一下天健集团的月平均换手率,"天健集团,000090.SZ,月平均换手率,TURNOVER_M_AVE",,天健集团,月平均换手率,10y,[market] 验证 月平均换手率 (line)
深物业A最新的月平均换手率,"深物业A,000011.SZ,月平均换手率,TURNOVER_M_AVE","ORDER BY,LIMIT 1",深物业A,月平均换手率,latest,[market] 验证 月平均换手率 (line)
盐田港的月平均换手率(自由流通股本)是多少,"盐田港,000088.SZ,月平均换手率(自由流通股本),TURNOVER_M_AVE_FLOAT",,盐田港,月平均换手率(自由流通股本),10y,[market] 验证 月平均换手率(自由流通股本) (line)
招金黄金最新的月平均换手率(自由流通股本),"招金黄金,000506.SZ,月平均换手率(自由流通股本),TURNOVER_M_AVE_FLOAT","ORDER BY,LIMIT 1",招金黄金,月平均换手率(自由流通股本),latest,[market] 验证 月平均换手率(自由流通股本) (line)
华锦股份最新的月换手率(自由流通股本),"华锦股份,000059.SZ,月换手率(自由流通股本),TURNOVER_M_FLOAT","ORDER BY,LIMIT 1",华锦股份,月换手率(自由流通股本),latest,[market] 验证 月换手率(自由流通股本) (line)
2023年深天马A的月换手率(自由流通股本),"深天马A,000050.SZ,月换手率(自由流通股本),TURNOVER_M_FLOAT",2023,深天马A,月换手率(自由流通股本),2023,[market] 验证 月换手率(自由流通股本) (line)
美丽生态的周换手率是多少,"美丽生态,000010.SZ,周换手率,TURNOVER_W",,美丽生态,周换手率,10y,[market] 验证 周换手率 (line)
查一下广聚能源的周换手率,"广聚能源,000096.SZ,周换手率,TURNOVER_W",,广聚能源,周换手率,10y,[market] 验证 周换手率 (line)
华侨城A的周平均换手率是多少,"华侨城A,000069.SZ,周平均换手率,TURNOVER_W_AVE",,华侨城A,周平均换手率,10y,[market] 验证 周平均换手率 (line)
深纺织A的周平均换手率是多少,"深纺织A,000045.SZ,周平均换手率,TURNOVER_W_AVE",,深纺织A,周平均换手率,10y,[market] 验证 周平均换手率 (line)
截至2023年底*ST国华的周平均换手率(自由流通股本),"*ST国华,000004.SZ,周平均换手率(自由流通股本),TURNOVER_W_AVE_FLOAT","<=,2023",*ST国华,周平均换手率(自由流通股本),until_2023,[market] 验证 周平均换手率(自由流通股本) (line)
云鼎科技最新的周平均换手率(自由流通股本),"云鼎科技,000409.SZ,周平均换手率(自由流通股本),TURNOVER_W_AVE_FLOAT","ORDER BY,LIMIT 1",云鼎科技,周平均换手率(自由流通股本),latest,[market] 验证 周平均换手率(自由流通股本) (line)
2023年国际医学的周换手率(自由流通股本),"国际医学,000516.SZ,周换手率(自由流通股本),TURNOVER_W_FLOAT",2023,国际医学,周换手率(自由流通股本),2023,[market] 验证 周换手率(自由流通股本) (line)
中兴通讯最近一年的周换手率(自由流通股本)走势,"中兴通讯,000063.SZ,周换手率(自由流通股本),TURNOVER_W_FLOAT",,中兴通讯,周换手率(自由流通股本),1y,[market] 验证 周换手率(自由流通股本) (line)
粤高速A的周收益率方差(近100周)是多少,"粤高速A,000429.SZ,周收益率方差(近100周),VARIANCE_100W",,粤高速A,周收益率方差(近100周),10y,[market] 验证 周收益率方差(近100周) (line)
2023年深天马A的周收益率方差(近100周),"深天马A,000050.SZ,周收益率方差(近100周),VARIANCE_100W",2023,深天马A,周收益率方差(近100周),2023,[market] 验证 周收益率方差(近100周) (line)
富奥股份最新的月收益率方差(近24月),"富奥股份,000030.SZ,月收益率方差(近24月),VARIANCE_24M","ORDER BY,LIMIT 1",富奥股份,月收益率方差(近24月),latest,[market] 验证 月收益率方差(近24月) (line)
粤高速A最近一年的月收益率方差(近24月)走势,"粤高速A,000429.SZ,月收益率方差(近24月),VARIANCE_24M",,粤高速A,月收益率方差(近24月),1y,[market] 验证 月收益率方差(近24月) (line)
2023年深圳机场的月收益率方差(近60月),"深圳机场,000089.SZ,月收益率方差(近60月),VARIANCE_60M",2023,深圳机场,月收益率方差(近60月),2023,[market] 验证 月收益率方差(近60月) (line)
中洲控股最新的月收益率方差(近60月),"中洲控股,000042.SZ,月收益率方差(近60月),VARIANCE_60M","ORDER BY,LIMIT 1",中洲控股,月收益率方差(近60月),latest,[market] 验证 月收益率方差(近60月) (line)
华侨城A最新的成交量(本月以来),"华侨城A,000069.SZ,成交量(本月以来),VOLUME_M","ORDER BY,LIMIT 1,TRADE_DT",华侨城A,成交量(本月以来),latest,[market] 验证 成交量(本月以来) (kline)
农产品最新的成交量(本月以来),"农产品,000061.SZ,成交量(本月以来),VOLUME_M","ORDER BY,LIMIT 1,TRADE_DT",农产品,成交量(本月以来),latest,[market] 验证 成交量(本月以来) (kline)
2023年沈阳机床的成交量(本周以来),"沈阳机床,000410.SZ,成交量(本周以来),VOLUME_W","2023,TRADE_DT",沈阳机床,成交量(本周以来),2023,[market] 验证 成交量(本周以来) (kline)
华塑控股最近一年的成交量(本周以来)走势,"华塑控股,000509.SZ,成交量(本周以来),VOLUME_W",TRADE_DT,华塑控股,成交量(本周以来),1y,[market] 验证 成交量(本周以来) (kline)
广聚能源的流通股本是多少,"广聚能源,000096.SZ,流通股本,FLOAT_A_SHR_TODAY",,广聚能源,流通股本,10y,[market] 验证 流通股本 (line)
2023年中联重科的流通股本,"中联重科,000157.SZ,流通股本,FLOAT_A_SHR_TODAY",2023,中联重科,流通股本,2023,[market] 验证 流通股本 (line)
深振业A最近一年的涨跌走势,"深振业A,000006.SZ,涨跌,S_DQ_CHANGE",,深振业A,涨跌,1y,[market] 验证 涨跌 (line)
深物业A最近一年的涨跌走势,"深物业A,000011.SZ,涨跌,S_DQ_CHANGE",,深物业A,涨跌,1y,[market] 验证 涨跌 (line)
许继电气最近一年的收盘价走势,"许继电气,000400.SZ,收盘价,S_DQ_CLOSE",TRADE_DT,许继电气,收盘价,1y,[market] 验证 收盘价 (kline)
截至2023年底盐田港的收盘价,"盐田港,000088.SZ,收盘价,S_DQ_CLOSE","<=,2023,TRADE_DT",盐田港,收盘价,until_2023,[market] 验证 收盘价 (kline)
深圳机场最近一年的最高价走势,"深圳机场,000089.SZ,最高价,S_DQ_HIGH",TRADE_DT,深圳机场,最高价,1y,[market] 验证 最高价 (kline)
2023年山东路桥的最高价,"山东路桥,000498.SZ,最高价,S_DQ_HIGH","2023,TRADE_DT",山东路桥,最高价,2023,[market] 验证 最高价 (kline)
截至2023年底华数传媒的最低价,"华数传媒,000156.SZ,最低价,S_DQ_LOW","<=,2023,TRADE_DT",华数传媒,最低价,until_2023,[market] 验证 最低价 (kline)
查一下中信海直的最低价,"中信海直,000099.SZ,最低价,S_DQ_LOW",TRADE_DT,中信海直,最低价,10y,[market] 验证 最低价 (kline)
2023年深物业A的流通市值,"深物业A,000011.SZ,流通市值,S_DQ_MV",2023,深物业A,流通市值,2023,[market] 验证 流通市值 (line)
深振业A的流通市值是多少,"深振业A,000006.SZ,流通市值,S_DQ_MV",,深振业A,流通市值,10y,[market] 验证 流通市值 (line)
截至2023年底万科A的开盘价,"万科A,000002.SZ,开盘价,S_DQ_OPEN","<=,2023,TRADE_DT",万科A,开盘价,until_2023,[market] 验证 开盘价 (kline)
2023年国际医学的开盘价,"国际医学,000516.SZ,开盘价,S_DQ_OPEN","2023,TRADE_DT",国际医学,开盘价,2023,[market] 验证 开盘价 (kline)
中成股份最新的涨跌幅,"中成股份,000151.SZ,涨跌幅,S_DQ_PCTCHANGE","ORDER BY,LIMIT 1",中成股份,涨跌幅,latest,[market] 验证 涨跌幅 (line)
截至2023年底深康佳A的涨跌幅,"深康佳A,000016.SZ,涨跌幅,S_DQ_PCTCHANGE","<=,2023",深康佳A,涨跌幅,until_2023,[market] 验证 涨跌幅 (line)
国际实业最近一年的成交量走势,"国际实业,000159.SZ,成交量,S_DQ_VOLUME",TRADE_DT,国际实业,成交量,1y,[market] 验证 成交量 (kline)
中成股份最近一年的成交量走势,"中成股份,000151.SZ,成交量,S_DQ_VOLUME",TRADE_DT,中成股份,成交量,1y,[market] 验证 成交量 (kline)
截至2023年底东阿阿胶的市净率PB(LF),"东阿阿胶,000423.SZ,市净率PB(LF),PB","<=,2023",东阿阿胶,市净率PB(LF),until_2023,[valuation] 验证 市净率PB(LF) (band)
2023年特发信息的市净率PB(LF),"特发信息,000070.SZ,市净率PB(LF),PB",2023,特发信息,市净率PB(LF),2023,[valuation] 验证 市净率PB(LF) (band)
查一下国际医学的市盈率PE(LYR),"国际医学,000516.SZ,市盈率PE(LYR),PE",,国际医学,市盈率PE(LYR),10y,[valuation] 验证 市盈率PE(LYR) (band)
东阿阿胶最新的市盈率PE(LYR),"东阿阿胶,000423.SZ,市盈率PE(LYR),PE","ORDER BY,LIMIT 1",东阿阿胶,市盈率PE(LYR),latest,[valuation] 验证 市盈率PE(LYR) (band)
深中华A最近一年的市盈率PE(TTM)走势,"深中华A,000017.SZ,市盈率PE(TTM),PE_TTM",,深中华A,市盈率PE(TTM),1y,[valuation] 验证 市盈率PE(TTM) (band)
2023年德赛电池的市盈率PE(TTM),"德赛电池,000049.SZ,市盈率PE(TTM),PE_TTM",2023,德赛电池,市盈率PE(TTM),2023,[valuation] 验证 市盈率PE(TTM) (band)
截至2023年底深天马A的市销率PS(LYR),"深天马A,000050.SZ,市销率PS(LYR),PS","<=,2023",深天马A,市销率PS(LYR),until_2023,[valuation] 验证 市销率PS(LYR) (band)
方大集团的市销率PS(LYR)是多少,"方大集团,000055.SZ,市销率PS(LYR),PS",,方大集团,市销率PS(LYR),10y,[valuation] 验证 市销率PS(LYR) (band)
2023年华天酒店的市销率PS(TTM),"华天酒店,000428.SZ,市销率PS(TTM),PS_TTM",2023,华天酒店,市销率PS(TTM),2023,[valuation] 验证 市销率PS(TTM) (band)
查一下派林生物的市销率PS(TTM),"派林生物,000403.SZ,市销率PS(TTM),PS_TTM",,派林生物,市销率PS(TTM),10y,[valuation] 验证 市销率PS(TTM) (band)
2023年北方国际的当日收盘价,"北方国际,000065.SZ,当日收盘价,S_DQ_CLOSE_TODAY",2023,北方国际,当日收盘价,2023,[valuation] 验证 当日收盘价 (line)
截至2023年底渝开发的当日收盘价,"渝开发,000514.SZ,当日收盘价,S_DQ_CLOSE_TODAY","<=,2023",渝开发,当日收盘价,until_2023,[valuation] 验证 当日收盘价 (line)
湖北宜化的股息率(近12个月)是多少,"湖北宜化,000422.SZ,股息率(近12个月),S_VAL_DIVIDENDYIELD2",,湖北宜化,股息率(近12个月),10y,[valuation] 验证 股息率(近12个月) (line)
2023年华天酒店的股息率(近12个月),"华天酒店,000428.SZ,股息率(近12个月),S_VAL_DIVIDENDYIELD2",2023,华天酒店,股息率(近12个月),2023,[valuation] 验证 股息率(近12个月) (line)
截至2023年底金隅冀东的当日总市值,"金隅冀东,000401.SZ,当日总市值,S_VAL_MV","<=,2023",金隅冀东,当日总市值,until_2023,[valuation] 验证 当日总市值 (line)
截至2023年底湖北宜化的当日总市值,"湖北宜化,000422.SZ,当日总市值,S_VAL_MV","<=,2023",湖北宜化,当日总市值,until_2023,[valuation] 验证 当日总市值 (line)
截至2023年底海王生物的PB估值分位数(10Y),"海王生物,000078.SZ,PB估值分位数(10Y),PB_NEW_10Y","<=,2023",海王生物,PB估值分位数(10Y),until_2023,[valuation] 验证 PB估值分位数(10Y) (band)
2023年美丽生态的PB估值分位数(10Y),"美丽生态,000010.SZ,PB估值分位数(10Y),PB_NEW_10Y",2023,美丽生态,PB估值分位数(10Y),2023,[valuation] 验证 PB估值分位数(10Y) (band)
兴业银锡最新的PB估值分位数(3Y),"兴业银锡,000426.SZ,PB估值分位数(3Y),PB_NEW_3Y","ORDER BY,LIMIT 1",兴业银锡,PB估值分位数(3Y),latest,[valuation] 验证 PB估值分位数(3Y) (band)
*ST国华最近一年的PB估值分位数(3Y)走势,"*ST国华,000004.SZ,PB估值分位数(3Y),PB_NEW_3Y",,*ST国华,PB估值分位数(3Y),1y,[valuation] 验证 PB估值分位数(3Y) (band)
英特集团最近一年的PB估值分位数(5Y)走势,"英特集团,000411.SZ,PB估值分位数(5Y),PB_NEW_5Y",,英特集团,PB估值分位数(5Y),1y,[valuation] 验证 PB估值分位数(5Y) (band)
截至2023年底川能动力的PB估值分位数(5Y),"川能动力,000155.SZ,PB估值分位数(5Y),PB_NEW_5Y","<=,2023",川能动力,PB估值分位数(5Y),until_2023,[valuation] 验证 PB估值分位数(5Y) (band)
渝开发最新的PB估值分位数(上市以来),"渝开发,000514.SZ,PB估值分位数(上市以来),PB_NEW_SL","ORDER BY,LIMIT 1",渝开发,PB估值分位数(上市以来),latest,[valuation] 验证 PB估值分位数(上市以来) (band)
查一下中金岭南的PB估值分位数(上市以来),"中金岭南,000060.SZ,PB估值分位数(上市以来),PB_NEW_SL",,中金岭南,PB估值分位数(上市以来),10y,[valuation] 验证 PB估值分位数(上市以来) (band)
深康佳A最新的PE估值分位数(10Y),"深康佳A,000016.SZ,PE估值分位数(10Y),PE_TTM_10Y","ORDER BY,LIMIT 1",深康佳A,PE估值分位数(10Y),latest,[valuation] 验证 PE估值分位数(10Y) (band)
2023年深物业A的PE估值分位数(10Y),"深物业A,000011.SZ,PE估值分位数(10Y),PE_TTM_10Y",2023,深物业A,PE估值分位数(10Y),2023,[valuation] 验证 PE估值分位数(10Y) (band)
东阿阿胶的PE估值分位数(3Y)是多少,"东阿阿胶,000423.SZ,PE估值分位数(3Y),PE_TTM_3Y",,东阿阿胶,PE估值分位数(3Y),10y,[valuation] 验证 PE估值分位数(3Y) (band)
藏格矿业最新的PE估值分位数(3Y),"藏格矿业,000408.SZ,PE估值分位数(3Y),PE_TTM_3Y","ORDER BY,LIMIT 1",藏格矿业,PE估值分位数(3Y),latest,[valuation] 验证 PE估值分位数(3Y) (band)
大悦城的PE估值分位数(5Y)是多少,"大悦城,000031.SZ,PE估值分位数(5Y),PE_TTM_5Y",,大悦城,PE估值分位数(5Y),10y,[valuation] 验证 PE估值分位数(5Y) (band)
查一下华联控股的PE估值分位数(5Y),"华联控股,000036.SZ,PE估值分位数(5Y),PE_TTM_5Y",,华联控股,PE估值分位数(5Y),10y,[valuation] 验证 PE估值分位数(5Y) (band)
截至2023年底中国天楹的PE估值分位数(上市以来),"中国天楹,000035.SZ,PE估值分位数(上市以来),PE_TTM_SL","<=,2023",中国天楹,PE估值分位数(上市以来),until_2023,[valuation] 验证 PE估值分位数(上市以来) (band)
2023年华塑控股的PE估值分位数(上市以来),"华塑控股,000509.SZ,PE估值分位数(上市以来),PE_TTM_SL",2023,华塑控股,PE估值分位数(上市以来),2023,[valuation] 验证 PE估值分位数(上市以来) (band)
截至2023年底飞亚达的PS估值分位数(10Y),"飞亚达,000026.SZ,PS估值分位数(10Y),PS_TTM_10Y","<=,2023",飞亚达,PS估值分位数(10Y),until_2023,[valuation] 验证 PS估值分位数(10Y) (band)
*ST生物的PS估值分位数(10Y)是多少,"*ST生物,000504.SZ,PS估值分位数(10Y),PS_TTM_10Y",,*ST生物,PS估值分位数(10Y),10y,[valuation] 验证 PS估值分位数(10Y) (band)
查一下特发信息的PS估值分位数(3Y),"特发信息,000070.SZ,PS估值分位数(3Y),PS_TTM_3Y",,特发信息,PS估值分位数(3Y),10y,[valuation] 验证 PS估值分位数(3Y) (band)
2023年美丽生态的PS估值分位数(3Y),"美丽生态,000010.SZ,PS估值分位数(3Y),PS_TTM_3Y",2023,美丽生态,PS估值分位数(3Y),2023,[valuation] 验证 PS估值分位数(3Y) (band)
深中华A最近一年的PS估值分位数(5Y)走势,"深中华A,000017.SZ,PS估值分位数(5Y),PS_TTM_5Y",,深中华A,PS估值分位数(5Y),1y,[valuation] 验证 PS估值分位数(5Y) (band)
深圳机场最新的PS估值分位数(5Y),"深圳机场,000089.SZ,PS估值分位数(5Y),PS_TTM_5Y","ORDER BY,LIMIT 1",深圳机场,PS估值分位数(5Y),latest,[valuation] 验证 PS估值分位数(5Y) (band)
华控赛格最新的PS估值分位数(上市以来),"华控赛格,000068.SZ,PS估值分位数(上市以来),PS_TTM_SL","ORDER BY,LIMIT 1",华控赛格,PS估值分位数(上市以来),latest,[valuation] 验证 PS估值分位数(上市以来) (band)
沈阳机床的PS估值分位数(上市以来)是多少,"沈阳机床,000410.SZ,PS估值分位数(上市以来),PS_TTM_SL",,沈阳机床,PS估值分位数(上市以来),10y,[valuation] 验证 PS估值分位数(上市以来) (band)
截至2023年底粤高速A的应付票据及应付账款,"粤高速A,000429.SZ,应付票据及应付账款,ACCOUNTS_PAYABLE","<=,2023",粤高速A,应付票据及应付账款,until_2023,[financial_statements] 验证 应付票据及应付账款 (table)
2023年东方盛虹的应付票据及应付账款,"东方盛虹,000301.SZ,应付票据及应付账款,ACCOUNTS_PAYABLE",2023,东方盛虹,应付票据及应付账款,2023,[financial_statements] 验证 应付票据及应付账款 (table)
2023年沙河股份的应收票据及应收账款,"沙河股份,000014.SZ,应收票据及应收账款,ACCOUNTS_RECEIVABLE_BILL",2023,沙河股份,应收票据及应收账款,2023,[financial_statements] 验证 应收票据及应收账款 (table)
查一下中洲控股的应收票据及应收账款,"中洲控股,000042.SZ,应收票据及应收账款,ACCOUNTS_RECEIVABLE_BILL",,中洲控股,应收票据及应收账款,10y,[financial_statements] 验证 应收票据及应收账款 (table)
美的集团最新的资本公积,"美的集团,000333.SZ,资本公积,CAP_RSRV","ORDER BY,LIMIT 1",美的集团,资本公积,latest,[financial_statements] 验证 资本公积 (table)
截至2023年底国新健康的资本公积,"国新健康,000503.SZ,资本公积,CAP_RSRV","<=,2023",国新健康,资本公积,until_2023,[financial_statements] 验证 资本公积 (table)
2023年东方盛虹的股本,"东方盛虹,000301.SZ,股本,CAP_STK",2023,东方盛虹,股本,2023,[financial_statements] 验证 股本 (table)
截至2023年底深纺织A的股本,"深纺织A,000045.SZ,股本,CAP_STK","<=,2023",深纺织A,股本,until_2023,[financial_statements] 验证 股本 (table)
截至2023年底深物业A的期初现金及现金等价物余额,"深物业A,000011.SZ,期初现金及现金等价物余额,CASH_CASH_EQU_BEG_PERIOD","<=,2023",深物业A,期初现金及现金等价物余额,until_2023,[financial_statements] 验证 期初现金及现金等价物余额 (table)
深粮控股最新的期初现金及现金等价物余额,"深粮控股,000019.SZ,期初现金及现金等价物余额,CASH_CASH_EQU_BEG_PERIOD","ORDER BY,LIMIT 1",深粮控股,期初现金及现金等价物余额,latest,[financial_statements] 验证 期初现金及现金等价物余额 (table)
吉林化纤最近一年的期末现金及现金等价物余额走势,"吉林化纤,000420.SZ,期末现金及现金等价物余额,CASH_CASH_EQU_END_PERIOD",,吉林化纤,期末现金及现金等价物余额,1y,[financial_statements] 验证 期末现金及现金等价物余额 (table)
截至2023年底中联重科的期末现金及现金等价物余额,"中联重科,000157.SZ,期末现金及现金等价物余额,CASH_CASH_EQU_END_PERIOD","<=,2023",中联重科,期末现金及现金等价物余额,until_2023,[financial_statements] 验证 期末现金及现金等价物余额 (table)
吉林化纤最近一年的投资支付的现金走势,"吉林化纤,000420.SZ,投资支付的现金,CASH_PAID_INVEST",,吉林化纤,投资支付的现金,1y,[financial_statements] 验证 投资支付的现金 (table)
截至2023年底新金路的投资支付的现金,"新金路,000510.SZ,投资支付的现金,CASH_PAID_INVEST","<=,2023",新金路,投资支付的现金,until_2023,[financial_statements] 验证 投资支付的现金 (table)
中联重科最近一年的购建固定无形长期资产支付的现金走势,"中联重科,000157.SZ,购建固定无形长期资产支付的现金,CASH_PAY_ACQ_CONST_FIOLTA",,中联重科,购建固定无形长期资产支付的现金,1y,[financial_statements] 验证 购建固定无形长期资产支付的现金 (table)
中金岭南最新的购建固定无形长期资产支付的现金,"中金岭南,000060.SZ,购建固定无形长期资产支付的现金,CASH_PAY_ACQ_CONST_FIOLTA","ORDER BY,LIMIT 1",中金岭南,购建固定无形长期资产支付的现金,latest,[financial_statements] 验证 购建固定无形长期资产支付的现金 (table)
粤高速A最近一年的为职工支付的现金走势,"粤高速A,000429.SZ,为职工支付的现金,CASH_PAY_BEH_EMPL",,粤高速A,为职工支付的现金,1y,[financial_statements] 验证 为职工支付的现金 (table)
中集集团的为职工支付的现金是多少,"中集集团,000039.SZ,为职工支付的现金,CASH_PAY_BEH_EMPL",,中集集团,为职工支付的现金,10y,[financial_statements] 验证 为职工支付的现金 (table)
截至2023年底英特集团的分配股利利润或偿付利息支付的现金,"英特集团,000411.SZ,分配股利利润或偿付利息支付的现金,CASH_PAY_DIST_DPCP_INT_EXP","<=,2023",英特集团,分配股利利润或偿付利息支付的现金,until_2023,[financial_statements] 验证 分配股利利润或偿付利息支付的现金 (table)
丽珠集团最近一年的分配股利利润或偿付利息支付的现金走势,"丽珠集团,000513.SZ,分配股利利润或偿付利息支付的现金,CASH_PAY_DIST_DPCP_INT_EXP",,丽珠集团,分配股利利润或偿付利息支付的现金,1y,[financial_statements] 验证 分配股利利润或偿付利息支付的现金 (table)
国际实业最近一年的购买商品接受劳务支付的现金走势,"国际实业,000159.SZ,购买商品接受劳务支付的现金,CASH_PAY_GOODS_PURCH_SERV_REC",,国际实业,购买商品接受劳务支付的现金,1y,[financial_statements] 验证 购买商品接受劳务支付的现金 (table)
国新健康的购买商品接受劳务支付的现金是多少,"国新健康,000503.SZ,购买商品接受劳务支付的现金,CASH_PAY_GOODS_PURCH_SERV_REC",,国新健康,购买商品接受劳务支付的现金,10y,[financial_statements] 验证 购买商品接受劳务支付的现金 (table)
皇庭国际最近一年的取得借款收到的现金走势,"皇庭国际,000056.SZ,取得借款收到的现金,CASH_RECP_BORROW",,皇庭国际,取得借款收到的现金,1y,[financial_statements] 验证 取得借款收到的现金 (table)
截至2023年底武商集团的取得借款收到的现金,"武商集团,000501.SZ,取得借款收到的现金,CASH_RECP_BORROW","<=,2023",武商集团,取得借款收到的现金,until_2023,[financial_statements] 验证 取得借款收到的现金 (table)
查一下中联重科的取得投资收益收到的现金,"中联重科,000157.SZ,取得投资收益收到的现金,CASH_RECP_RETURN_INVEST",,中联重科,取得投资收益收到的现金,10y,[financial_statements] 验证 取得投资收益收到的现金 (table)
藏格矿业的取得投资收益收到的现金是多少,"藏格矿业,000408.SZ,取得投资收益收到的现金,CASH_RECP_RETURN_INVEST",,藏格矿业,取得投资收益收到的现金,10y,[financial_statements] 验证 取得投资收益收到的现金 (table)
深赛格的销售商品提供劳务收到的现金是多少,"深赛格,000058.SZ,销售商品提供劳务收到的现金,CASH_RECP_SG_AND_RS",,深赛格,销售商品提供劳务收到的现金,10y,[financial_statements] 验证 销售商品提供劳务收到的现金 (table)
神州高铁最近一年的销售商品提供劳务收到的现金走势,"神州高铁,000008.SZ,销售商品提供劳务收到的现金,CASH_RECP_SG_AND_RS",,神州高铁,销售商品提供劳务收到的现金,1y,[financial_statements] 验证 销售商品提供劳务收到的现金 (table)
2023年深圳能源的在建工程(合计),"深圳能源,000027.SZ,在建工程(合计),CONST_IN_PROG_TOT",2023,深圳能源,在建工程(合计),2023,[financial_statements] 验证 在建工程(合计) (table)
特力A最新的在建工程(合计),"特力A,000025.SZ,在建工程(合计),CONST_IN_PROG_TOT","ORDER BY,LIMIT 1",特力A,在建工程(合计),latest,[financial_statements] 验证 在建工程(合计) (table)
截至2023年底中国天楹的应付职工薪酬,"中国天楹,000035.SZ,应付职工薪酬,EMPL_BEN_PAYABLE","<=,2023",中国天楹,应付职工薪酬,until_2023,[financial_statements] 验证 应付职工薪酬 (table)
深纺织A的应付职工薪酬是多少,"深纺织A,000045.SZ,应付职工薪酬,EMPL_BEN_PAYABLE",,深纺织A,应付职工薪酬,10y,[financial_statements] 验证 应付职工薪酬 (table)
查一下中洲控股的所得税,"中洲控股,000042.SZ,所得税,INC_TAX",,中洲控股,所得税,10y,[financial_statements] 验证 所得税 (table)
中国宝安的所得税是多少,"中国宝安,000009.SZ,所得税,INC_TAX",,中国宝安,所得税,10y,[financial_statements] 验证 所得税 (table)
截至2023年底富奥股份的无形资产,"富奥股份,000030.SZ,无形资产,INTANG_ASSETS","<=,2023",富奥股份,无形资产,until_2023,[financial_statements] 验证 无形资产 (table)
查一下深科技的无形资产,"深科技,000021.SZ,无形资产,INTANG_ASSETS",,深科技,无形资产,10y,[financial_statements] 验证 无形资产 (table)
珠海港最近一年的存货走势,"珠海港,000507.SZ,存货,INVENTORIES",,珠海港,存货,1y,[financial_statements] 验证 存货 (table)
查一下深圳能源的存货,"深圳能源,000027.SZ,存货,INVENTORIES",,深圳能源,存货,10y,[financial_statements] 验证 存货 (table)
2023年中国天楹的财务费用,"中国天楹,000035.SZ,财务费用,LESS_FIN_EXP",2023,中国天楹,财务费用,2023,[financial_statements] 验证 财务费用 (table)
金隅冀东最新的财务费用,"金隅冀东,000401.SZ,财务费用,LESS_FIN_EXP","ORDER BY,LIMIT 1",金隅冀东,财务费用,latest,[financial_statements] 验证 财务费用 (table)
查一下英特集团的管理费用,"英特集团,000411.SZ,管理费用,LESS_GERL_ADMIN_EXP",,英特集团,管理费用,10y,[financial_statements] 验证 管理费用 (table)
兴业银锡最近一年的管理费用走势,"兴业银锡,000426.SZ,管理费用,LESS_GERL_ADMIN_EXP",,兴业银锡,管理费用,1y,[financial_statements] 验证 管理费用 (table)
查一下沈阳机床的营业成本,"沈阳机床,000410.SZ,营业成本,LESS_OPER_COST",,沈阳机床,营业成本,10y,[financial_statements] 验证 营业成本 (table)
截至2023年底全新好的营业成本,"全新好,000007.SZ,营业成本,LESS_OPER_COST","<=,2023",全新好,营业成本,until_2023,[financial_statements] 验证 营业成本 (table)
2023年*ST国华的销售费用,"*ST国华,000004.SZ,销售费用,LESS_SELLING_DIST_EXP",2023,*ST国华,销售费用,2023,[financial_statements] 验证 销售费用 (table)
南京公用最近一年的销售费用走势,"南京公用,000421.SZ,销售费用,LESS_SELLING_DIST_EXP",,南京公用,销售费用,1y,[financial_statements] 验证 销售费用 (table)
查一下中国天楹的长期股权投资,"中国天楹,000035.SZ,长期股权投资,LONG_TERM_EQY_INVEST",,中国天楹,长期股权投资,10y,[financial_statements] 验证 长期股权投资 (table)
方大集团最近一年的长期股权投资走势,"方大集团,000055.SZ,长期股权投资,LONG_TERM_EQY_INVEST",,方大集团,长期股权投资,1y,[financial_statements] 验证 长期股权投资 (table)
查一下中兴通讯的长期借款,"中兴通讯,000063.SZ,长期借款,LT_BORROW",,中兴通讯,长期借款,10y,[financial_statements] 验证 长期借款 (table)
深康佳A最近一年的长期借款走势,"深康佳A,000016.SZ,长期借款,LT_BORROW",,深康佳A,长期借款,1y,[financial_statements] 验证 长期借款 (table)
截至2023年底华锦股份的少数股东权益,"华锦股份,000059.SZ,少数股东权益,MINORITY_INT","<=,2023",华锦股份,少数股东权益,until_2023,[financial_statements] 验证 少数股东权益 (table)
截至2023年底渤海租赁的少数股东权益,"渤海租赁,000415.SZ,少数股东权益,MINORITY_INT","<=,2023",渤海租赁,少数股东权益,until_2023,[financial_statements] 验证 少数股东权益 (table)
查一下珠海港的少数股东损益,"珠海港,000507.SZ,少数股东损益,MINORITY_INT_INC",,珠海港,少数股东损益,10y,[financial_statements] 验证 少数股东损益 (table)
京基智农的少数股东损益是多少,"京基智农,000048.SZ,少数股东损益,MINORITY_INT_INC",,京基智农,少数股东损益,10y,[financial_statements] 验证 少数股东损益 (table)
华天酒店的货币资金是多少,"华天酒店,000428.SZ,货币资金,MONETARY_CAP",,华天酒店,货币资金,10y,[financial_statements] 验证 货币资金 (table)
查一下许继电气的货币资金,"许继电气,000400.SZ,货币资金,MONETARY_CAP",,许继电气,货币资金,10y,[financial_statements] 验证 货币资金 (table)
2023年申万宏源的筹资活动现金净流量,"申万宏源,000166.SZ,筹资活动现金净流量,NET_CASH_FLOWS_FNC_ACT",2023,申万宏源,筹资活动现金净流量,2023,[financial_statements] 验证 筹资活动现金净流量 (table)
截至2023年底国药一致的筹资活动现金净流量,"国药一致,000028.SZ,筹资活动现金净流量,NET_CASH_FLOWS_FNC_ACT","<=,2023",国药一致,筹资活动现金净流量,until_2023,[financial_statements] 验证 筹资活动现金净流量 (table)
金融街最新的投资活动现金净流量,"金融街,000402.SZ,投资活动现金净流量,NET_CASH_FLOWS_INV_ACT","ORDER BY,LIMIT 1",金融街,投资活动现金净流量,latest,[financial_statements] 验证 投资活动现金净流量 (table)
京粮控股最近一年的投资活动现金净流量走势,"京粮控股,000505.SZ,投资活动现金净流量,NET_CASH_FLOWS_INV_ACT",,京粮控股,投资活动现金净流量,1y,[financial_statements] 验证 投资活动现金净流量 (table)
2023年深桑达A的经营活动现金净流量,"深桑达A,000032.SZ,经营活动现金净流量,NET_CASH_FLOWS_OPER_ACT",2023,深桑达A,经营活动现金净流量,2023,[financial_statements] 验证 经营活动现金净流量 (table)
沈阳机床最新的经营活动现金净流量,"沈阳机床,000410.SZ,经营活动现金净流量,NET_CASH_FLOWS_OPER_ACT","ORDER BY,LIMIT 1",沈阳机床,经营活动现金净流量,latest,[financial_statements] 验证 经营活动现金净流量 (table)
2023年中集集团的处置固定无形长期资产收回的现金净额,"中集集团,000039.SZ,处置固定无形长期资产收回的现金净额,NET_CASH_RECP_DISP_FIOLTA",2023,中集集团,处置固定无形长期资产收回的现金净额,2023,[financial_statements] 验证 处置固定无形长期资产收回的现金净额 (table)
查一下深圳能源的处置固定无形长期资产收回的现金净额,"深圳能源,000027.SZ,处置固定无形长期资产收回的现金净额,NET_CASH_RECP_DISP_FIOLTA",,深圳能源,处置固定无形长期资产收回的现金净额,10y,[financial_statements] 验证 处置固定无形长期资产收回的现金净额 (table)
徐工机械最近一年的现金及现金等价物净增加额走势,"徐工机械,000425.SZ,现金及现金等价物净增加额,NET_INCR_CASH_CASH_EQU",,徐工机械,现金及现金等价物净增加额,1y,[financial_statements] 验证 现金及现金等价物净增加额 (table)
京基智农最新的现金及现金等价物净增加额,"京基智农,000048.SZ,现金及现金等价物净增加额,NET_INCR_CASH_CASH_EQU","ORDER BY,LIMIT 1",京基智农,现金及现金等价物净增加额,latest,[financial_statements] 验证 现金及现金等价物净增加额 (table)
川能动力最新的归母净利润,"川能动力,000155.SZ,归母净利润,NET_PROFIT_EXCL_MIN_INT_INC","ORDER BY,LIMIT 1",川能动力,归母净利润,latest,[financial_statements] 验证 归母净利润 (table)
申万宏源最近一年的归母净利润走势,"申万宏源,000166.SZ,归母净利润,NET_PROFIT_EXCL_MIN_INT_INC",,申万宏源,归母净利润,1y,[financial_statements] 验证 归母净利润 (table)
平安银行最新的净利润,"平安银行,000001.SZ,净利润,NET_PROFIT_INCL_MIN_INT_INC","ORDER BY,LIMIT 1",平安银行,净利润,latest,[financial_statements] 验证 净利润 (table)
查一下中兴通讯的净利润,"中兴通讯,000063.SZ,净利润,NET_PROFIT_INCL_MIN_INT_INC",,中兴通讯,净利润,10y,[financial_statements] 验证 净利润 (table)
2023年平安银行的营业利润,"平安银行,000001.SZ,营业利润,OPER_PROFIT",2023,平安银行,营业利润,2023,[financial_statements] 验证 营业利润 (table)
天健集团最近一年的营业利润走势,"天健集团,000090.SZ,营业利润,OPER_PROFIT",,天健集团,营业利润,1y,[financial_statements] 验证 营业利润 (table)
中联重科最新的主营业务收入,"中联重科,000157.SZ,主营业务收入,OPER_REV","ORDER BY,LIMIT 1",中联重科,主营业务收入,latest,[financial_statements] 验证 主营业务收入 (table)
美丽生态的主营业务收入是多少,"美丽生态,000010.SZ,主营业务收入,OPER_REV",,美丽生态,主营业务收入,10y,[financial_statements] 验证 主营业务收入 (table)
截至2023年底北方国际的支付的各项税费,"北方国际,000065.SZ,支付的各项税费,PAY_ALL_TYP_TAX","<=,2023",北方国际,支付的各项税费,until_2023,[financial_statements] 验证 支付的各项税费 (table)
渤海租赁最新的支付的各项税费,"渤海租赁,000415.SZ,支付的各项税费,PAY_ALL_TYP_TAX","ORDER BY,LIMIT 1",渤海租赁,支付的各项税费,latest,[financial_statements] 验证 支付的各项税费 (table)
长虹华意的预付款项是多少,"长虹华意,000404.SZ,预付款项,PREPAY",,长虹华意,预付款项,10y,[financial_statements] 验证 预付款项 (table)
英特集团最新的预付款项,"英特集团,000411.SZ,预付款项,PREPAY","ORDER BY,LIMIT 1",英特集团,预付款项,latest,[financial_statements] 验证 预付款项 (table)
截至2023年底富奥股份的研发费用,"富奥股份,000030.SZ,研发费用,RD_EXPENSE","<=,2023",富奥股份,研发费用,until_2023,[financial_statements] 验证 研发费用 (table)
查一下华侨城A的研发费用,"华侨城A,000069.SZ,研发费用,RD_EXPENSE",,华侨城A,研发费用,10y,[financial_statements] 验证 研发费用 (table)
2023年方大集团的报告类型,"方大集团,000055.SZ,报告类型,REPORT_TYPE",2023,方大集团,报告类型,2023,[financial_statements] 验证 报告类型 (table)
查一下深纺织A的报告类型,"深纺织A,000045.SZ,报告类型,REPORT_TYPE",,深纺织A,报告类型,10y,[financial_statements] 验证 报告类型 (table)
查一下国药一致的净资产收益率ROE(摊薄),"国药一致,000028.SZ,净资产收益率ROE(摊薄),ROE_DILUTED",,国药一致,净资产收益率ROE(摊薄),10y,[financial_statements] 验证 净资产收益率ROE(摊薄) (table)
截至2023年底中国长城的净资产收益率ROE(摊薄),"中国长城,000066.SZ,净资产收益率ROE(摊薄),ROE_DILUTED","<=,2023",中国长城,净资产收益率ROE(摊薄),until_2023,[financial_statements] 验证 净资产收益率ROE(摊薄) (table)
2023年金融街的净资产收益率ROE(扣除),"金融街,000402.SZ,净资产收益率ROE(扣除),ROE_EX",2023,金融街,净资产收益率ROE(扣除),2023,[financial_statements] 验证 净资产收益率ROE(扣除) (table)
方大集团最近一年的净资产收益率ROE(扣除)走势,"方大集团,000055.SZ,净资产收益率ROE(扣除),ROE_EX",,方大集团,净资产收益率ROE(扣除),1y,[financial_statements] 验证 净资产收益率ROE(扣除) (table)
截至2023年底中兴通讯的净资产收益率ROE(扣除/加权),"中兴通讯,000063.SZ,净资产收益率ROE(扣除/加权),ROE_EXWEIGHTED","<=,2023",中兴通讯,净资产收益率ROE(扣除/加权),until_2023,[financial_statements] 验证 净资产收益率ROE(扣除/加权) (table)
中信海直的净资产收益率ROE(扣除/加权)是多少,"中信海直,000099.SZ,净资产收益率ROE(扣除/加权),ROE_EXWEIGHTED",,中信海直,净资产收益率ROE(扣除/加权),10y,[financial_statements] 验证 净资产收益率ROE(扣除/加权) (table)
皇庭国际的净资产收益率ROE(加权)是多少,"皇庭国际,000056.SZ,净资产收益率ROE(加权),ROE_WEIGHTED",,皇庭国际,净资产收益率ROE(加权),10y,[financial_statements] 验证 净资产收益率ROE(加权) (table)
截至2023年底ST晨鸣的净资产收益率ROE(加权),"ST晨鸣,000488.SZ,净资产收益率ROE(加权),ROE_WEIGHTED","<=,2023",ST晨鸣,净资产收益率ROE(加权),until_2023,[financial_statements] 验证 净资产收益率ROE(加权) (table)
国际实业最新的固定资产(合计),"国际实业,000159.SZ,固定资产(合计),STM_BS_TOT","ORDER BY,LIMIT 1",国际实业,固定资产(合计),latest,[financial_statements] 验证 固定资产(合计) (table)
截至2023年底国药一致的固定资产(合计),"国药一致,000028.SZ,固定资产(合计),STM_BS_TOT","<=,2023",国药一致,固定资产(合计),until_2023,[financial_statements] 验证 固定资产(合计) (table)
截至2023年底农产品的短期借款,"农产品,000061.SZ,短期借款,ST_BORROW","<=,2023",农产品,短期借款,until_2023,[financial_statements] 验证 短期借款 (table)
中国长城的短期借款是多少,"中国长城,000066.SZ,短期借款,ST_BORROW",,中国长城,短期借款,10y,[financial_statements] 验证 短期借款 (table)
新金路的盈余公积是多少,"新金路,000510.SZ,盈余公积,SURPLUS_RSRV",,新金路,盈余公积,10y,[financial_statements] 验证 盈余公积 (table)
东方盛虹最近一年的盈余公积走势,"东方盛虹,000301.SZ,盈余公积,SURPLUS_RSRV",,东方盛虹,盈余公积,1y,[financial_statements] 验证 盈余公积 (table)
丽珠集团的管理费用率是多少,"丽珠集团,000513.SZ,管理费用率,S_FA_ADMINEXPENSETOGR",,丽珠集团,管理费用率,10y,[financial_statements] 验证 管理费用率 (table)
徐工机械最新的管理费用率,"徐工机械,000425.SZ,管理费用率,S_FA_ADMINEXPENSETOGR","ORDER BY,LIMIT 1",徐工机械,管理费用率,latest,[financial_statements] 验证 管理费用率 (table)
丽珠集团最近一年的应收账款周转率走势,"丽珠集团,000513.SZ,应收账款周转率,S_FA_ARTURN",,丽珠集团,应收账款周转率,1y,[financial_statements] 验证 应收账款周转率 (table)
国药一致最新的应收账款周转率,"国药一致,000028.SZ,应收账款周转率,S_FA_ARTURN","ORDER BY,LIMIT 1",国药一致,应收账款周转率,latest,[financial_statements] 验证 应收账款周转率 (table)
全新好最近一年的应收账款周转天数走势,"全新好,000007.SZ,应收账款周转天数,S_FA_ARTURNDAYS",,全新好,应收账款周转天数,1y,[financial_statements] 验证 应收账款周转天数 (table)
云鼎科技的应收账款周转天数是多少,"云鼎科技,000409.SZ,应收账款周转天数,S_FA_ARTURNDAYS",,云鼎科技,应收账款周转天数,10y,[financial_statements] 验证 应收账款周转天数 (table)
2023年长虹华意的权益乘数,"长虹华意,000404.SZ,权益乘数,S_FA_ASSETSTOEQUITY",2023,长虹华意,权益乘数,2023,[financial_statements] 验证 权益乘数 (table)
截至2023年底珠海港的权益乘数,"珠海港,000507.SZ,权益乘数,S_FA_ASSETSTOEQUITY","<=,2023",珠海港,权益乘数,until_2023,[financial_statements] 验证 权益乘数 (table)
深科技最近一年的总资产周转率走势,"深科技,000021.SZ,总资产周转率,S_FA_ASSETSTURN",,深科技,总资产周转率,1y,[financial_statements] 验证 总资产周转率 (table)
华锦股份最新的总资产周转率,"华锦股份,000059.SZ,总资产周转率,S_FA_ASSETSTURN","ORDER BY,LIMIT 1",华锦股份,总资产周转率,latest,[financial_statements] 验证 总资产周转率 (table)
盐田港的每股净资产BPS是多少,"盐田港,000088.SZ,每股净资产BPS,S_FA_BPS",,盐田港,每股净资产BPS,10y,[financial_statements] 验证 每股净资产BPS (table)
截至2023年底英特集团的每股净资产BPS,"英特集团,000411.SZ,每股净资产BPS,S_FA_BPS","<=,2023",英特集团,每股净资产BPS,until_2023,[financial_statements] 验证 每股净资产BPS (table)
2023年天健集团的归母每股净资产BPS,"天健集团,000090.SZ,归母每股净资产BPS,S_FA_BPS_SH",2023,天健集团,归母每股净资产BPS,2023,[financial_statements] 验证 归母每股净资产BPS (table)
查一下东阿阿胶的归母每股净资产BPS,"东阿阿胶,000423.SZ,归母每股净资产BPS,S_FA_BPS_SH",,东阿阿胶,归母每股净资产BPS,10y,[financial_statements] 验证 归母每股净资产BPS (table)
截至2023年底武商集团的货币资金／流动负债,"武商集团,000501.SZ,货币资金／流动负债,S_FA_CASHTOLIQDEBT","<=,2023",武商集团,货币资金／流动负债,until_2023,[financial_statements] 验证 货币资金／流动负债 (table)
英特集团的货币资金／流动负债是多少,"英特集团,000411.SZ,货币资金／流动负债,S_FA_CASHTOLIQDEBT",,英特集团,货币资金／流动负债,10y,[financial_statements] 验证 货币资金／流动负债 (table)
合百集团的流动资产周转率是多少,"合百集团,000417.SZ,流动资产周转率,S_FA_CATURN",,合百集团,流动资产周转率,10y,[financial_statements] 验证 流动资产周转率 (table)
查一下天健集团的流动资产周转率,"天健集团,000090.SZ,流动资产周转率,S_FA_CATURN",,天健集团,流动资产周转率,10y,[financial_statements] 验证 流动资产周转率 (table)
华数传媒的每股现金流CFPS是多少,"华数传媒,000156.SZ,每股现金流CFPS,S_FA_CFPS",,华数传媒,每股现金流CFPS,10y,[financial_statements] 验证 每股现金流CFPS (table)
截至2023年底藏格矿业的每股现金流CFPS,"藏格矿业,000408.SZ,每股现金流CFPS,S_FA_CFPS","<=,2023",藏格矿业,每股现金流CFPS,until_2023,[financial_statements] 验证 每股现金流CFPS (table)
长虹华意的销售成本率是多少,"长虹华意,000404.SZ,销售成本率,S_FA_COGSTOSALES",,长虹华意,销售成本率,10y,[financial_statements] 验证 销售成本率 (table)
深圳能源最近一年的销售成本率走势,"深圳能源,000027.SZ,销售成本率,S_FA_COGSTOSALES",,深圳能源,销售成本率,1y,[financial_statements] 验证 销售成本率 (table)
2023年长虹华意的流动比,"长虹华意,000404.SZ,流动比,S_FA_CURRENT",2023,长虹华意,流动比,2023,[financial_statements] 验证 流动比 (table)
截至2023年底沙河股份的流动比,"沙河股份,000014.SZ,流动比,S_FA_CURRENT","<=,2023",沙河股份,流动比,until_2023,[financial_statements] 验证 流动比 (table)
2023年徐工机械的资产负债率,"徐工机械,000425.SZ,资产负债率,S_FA_DEBTTOASSETS",2023,徐工机械,资产负债率,2023,[financial_statements] 验证 资产负债率 (table)
平安银行最近一年的资产负债率走势,"平安银行,000001.SZ,资产负债率,S_FA_DEBTTOASSETS",,平安银行,资产负债率,1y,[financial_statements] 验证 资产负债率 (table)
查一下长虹华意的产权比率,"长虹华意,000404.SZ,产权比率,S_FA_DEBTTOEQUITY",,长虹华意,产权比率,10y,[financial_statements] 验证 产权比率 (table)
金隅冀东的产权比率是多少,"金隅冀东,000401.SZ,产权比率,S_FA_DEBTTOEQUITY",,金隅冀东,产权比率,10y,[financial_statements] 验证 产权比率 (table)
截至2023年底东方盛虹的扣非归母净利润,"东方盛虹,000301.SZ,扣非归母净利润,S_FA_DEDUCTEDPROFIT","<=,2023",东方盛虹,扣非归母净利润,until_2023,[financial_statements] 验证 扣非归母净利润 (table)
沈阳机床最新的扣非归母净利润,"沈阳机床,000410.SZ,扣非归母净利润,S_FA_DEDUCTEDPROFIT","ORDER BY,LIMIT 1",沈阳机床,扣非归母净利润,latest,[financial_statements] 验证 扣非归母净利润 (table)
招金黄金最近一年的息税前利润走势,"招金黄金,000506.SZ,息税前利润,S_FA_EBIT",,招金黄金,息税前利润,1y,[financial_statements] 验证 息税前利润 (table)
特力A最新的息税前利润,"特力A,000025.SZ,息税前利润,S_FA_EBIT","ORDER BY,LIMIT 1",特力A,息税前利润,latest,[financial_statements] 验证 息税前利润 (table)
查一下华锦股份的息税折旧摊销前利润,"华锦股份,000059.SZ,息税折旧摊销前利润,S_FA_EBITDA",,华锦股份,息税折旧摊销前利润,10y,[financial_statements] 验证 息税折旧摊销前利润 (table)
胜利股份最新的息税折旧摊销前利润,"胜利股份,000407.SZ,息税折旧摊销前利润,S_FA_EBITDA","ORDER BY,LIMIT 1",胜利股份,息税折旧摊销前利润,latest,[financial_statements] 验证 息税折旧摊销前利润 (table)
北方国际最近一年的每股收益EPS(基本)走势,"北方国际,000065.SZ,每股收益EPS(基本),S_FA_EPS_BASIC",,北方国际,每股收益EPS(基本),1y,[financial_statements] 验证 每股收益EPS(基本) (table)
深深房A最新的每股收益EPS(基本),"深深房A,000029.SZ,每股收益EPS(基本),S_FA_EPS_BASIC","ORDER BY,LIMIT 1",深深房A,每股收益EPS(基本),latest,[financial_statements] 验证 每股收益EPS(基本) (table)
华天酒店的每股收益EPS(摊薄)是多少,"华天酒店,000428.SZ,每股收益EPS(摊薄),S_FA_EPS_DILUTED",,华天酒店,每股收益EPS(摊薄),10y,[financial_statements] 验证 每股收益EPS(摊薄) (table)
招金黄金的每股收益EPS(摊薄)是多少,"招金黄金,000506.SZ,每股收益EPS(摊薄),S_FA_EPS_DILUTED",,招金黄金,每股收益EPS(摊薄),10y,[financial_statements] 验证 每股收益EPS(摊薄) (table)
2023年徐工机械的每股收益EPS(稀释),"徐工机械,000425.SZ,每股收益EPS(稀释),S_FA_EPS_DILUTED2",2023,徐工机械,每股收益EPS(稀释),2023,[financial_statements] 验证 每股收益EPS(稀释) (table)
神州高铁最近一年的每股收益EPS(稀释)走势,"神州高铁,000008.SZ,每股收益EPS(稀释),S_FA_EPS_DILUTED2",,神州高铁,每股收益EPS(稀释),1y,[financial_statements] 验证 每股收益EPS(稀释) (table)
截至2023年底国际医学的每股收益EPS(扣除),"国际医学,000516.SZ,每股收益EPS(扣除),S_FA_EPS_EX","<=,2023",国际医学,每股收益EPS(扣除),until_2023,[financial_statements] 验证 每股收益EPS(扣除) (table)
潍柴动力最近一年的每股收益EPS(扣除)走势,"潍柴动力,000338.SZ,每股收益EPS(扣除),S_FA_EPS_EX",,潍柴动力,每股收益EPS(扣除),1y,[financial_statements] 验证 每股收益EPS(扣除) (table)
华天酒店的每股收益EPS(扣除/基本)是多少,"华天酒店,000428.SZ,每股收益EPS(扣除/基本),S_FA_EPS_EXBASIC",,华天酒店,每股收益EPS(扣除/基本),10y,[financial_statements] 验证 每股收益EPS(扣除/基本) (table)
藏格矿业最近一年的每股收益EPS(扣除/基本)走势,"藏格矿业,000408.SZ,每股收益EPS(扣除/基本),S_FA_EPS_EXBASIC",,藏格矿业,每股收益EPS(扣除/基本),1y,[financial_statements] 验证 每股收益EPS(扣除/基本) (table)
华数传媒最新的每股收益EPS(扣除/稀释),"华数传媒,000156.SZ,每股收益EPS(扣除/稀释),S_FA_EPS_EXDILUTED","ORDER BY,LIMIT 1",华数传媒,每股收益EPS(扣除/稀释),latest,[financial_statements] 验证 每股收益EPS(扣除/稀释) (table)
查一下沈阳机床的每股收益EPS(扣除/稀释),"沈阳机床,000410.SZ,每股收益EPS(扣除/稀释),S_FA_EPS_EXDILUTED",,沈阳机床,每股收益EPS(扣除/稀释),10y,[financial_statements] 验证 每股收益EPS(扣除/稀释) (table)
丽珠集团的费用率是多少,"丽珠集团,000513.SZ,费用率,S_FA_EXPENSETOSALES",,丽珠集团,费用率,10y,[financial_statements] 验证 费用率 (table)
查一下海王生物的费用率,"海王生物,000078.SZ,费用率,S_FA_EXPENSETOSALES",,海王生物,费用率,10y,[financial_statements] 验证 费用率 (table)
兴业银锡最近一年的非经常性损益走势,"兴业银锡,000426.SZ,非经常性损益,S_FA_EXTRAORDINARY",,兴业银锡,非经常性损益,1y,[financial_statements] 验证 非经常性损益 (table)
截至2023年底华联控股的非经常性损益,"华联控股,000036.SZ,非经常性损益,S_FA_EXTRAORDINARY","<=,2023",华联控股,非经常性损益,until_2023,[financial_statements] 验证 非经常性损益 (table)
查一下渝开发的固定资产周转率,"渝开发,000514.SZ,固定资产周转率,S_FA_FATURN",,渝开发,固定资产周转率,10y,[financial_statements] 验证 固定资产周转率 (table)
2023年潍柴动力的固定资产周转率,"潍柴动力,000338.SZ,固定资产周转率,S_FA_FATURN",2023,潍柴动力,固定资产周转率,2023,[financial_statements] 验证 固定资产周转率 (table)
英特集团最近一年的企业自由现金流量(FCFF)走势,"英特集团,000411.SZ,企业自由现金流量(FCFF),S_FA_FCFF",,英特集团,企业自由现金流量(FCFF),1y,[financial_statements] 验证 企业自由现金流量(FCFF) (table)
华控赛格最新的企业自由现金流量(FCFF),"华控赛格,000068.SZ,企业自由现金流量(FCFF),S_FA_FCFF","ORDER BY,LIMIT 1",华控赛格,企业自由现金流量(FCFF),latest,[financial_statements] 验证 企业自由现金流量(FCFF) (table)
截至2023年底沈阳机床的每股企业自由现金流FCFFPS,"沈阳机床,000410.SZ,每股企业自由现金流FCFFPS,S_FA_FCFFPS","<=,2023",沈阳机床,每股企业自由现金流FCFFPS,until_2023,[financial_statements] 验证 每股企业自由现金流FCFFPS (table)
中集集团的每股企业自由现金流FCFFPS是多少,"中集集团,000039.SZ,每股企业自由现金流FCFFPS,S_FA_FCFFPS",,中集集团,每股企业自由现金流FCFFPS,10y,[financial_statements] 验证 每股企业自由现金流FCFFPS (table)
中国宝安最新的财务费用率,"中国宝安,000009.SZ,财务费用率,S_FA_FINAEXPENSETOGR","ORDER BY,LIMIT 1",中国宝安,财务费用率,latest,[financial_statements] 验证 财务费用率 (table)
2023年华锦股份的财务费用率,"华锦股份,000059.SZ,财务费用率,S_FA_FINAEXPENSETOGR",2023,华锦股份,财务费用率,2023,[financial_statements] 验证 财务费用率 (table)
截至2023年底吉林化纤的毛利润,"吉林化纤,000420.SZ,毛利润,S_FA_GROSSMARGIN","<=,2023",吉林化纤,毛利润,until_2023,[financial_statements] 验证 毛利润 (table)
皇庭国际的毛利润是多少,"皇庭国际,000056.SZ,毛利润,S_FA_GROSSMARGIN",,皇庭国际,毛利润,10y,[financial_statements] 验证 毛利润 (table)
截至2023年底ST晨鸣的毛利率,"ST晨鸣,000488.SZ,毛利率,S_FA_GROSSPROFITMARGIN","<=,2023",ST晨鸣,毛利率,until_2023,[financial_statements] 验证 毛利率 (table)
皇庭国际的毛利率是多少,"皇庭国际,000056.SZ,毛利率,S_FA_GROSSPROFITMARGIN",,皇庭国际,毛利率,10y,[financial_statements] 验证 毛利率 (table)
查一下派林生物的存货周转率,"派林生物,000403.SZ,存货周转率,S_FA_INVTURN",,派林生物,存货周转率,10y,[financial_statements] 验证 存货周转率 (table)
2023年南京公用的存货周转率,"南京公用,000421.SZ,存货周转率,S_FA_INVTURN",2023,南京公用,存货周转率,2023,[financial_statements] 验证 存货周转率 (table)
截至2023年底中洲控股的存货周转天数,"中洲控股,000042.SZ,存货周转天数,S_FA_INVTURNDAYS","<=,2023",中洲控股,存货周转天数,until_2023,[financial_statements] 验证 存货周转天数 (table)
胜利股份的存货周转天数是多少,"胜利股份,000407.SZ,存货周转天数,S_FA_INVTURNDAYS",,胜利股份,存货周转天数,10y,[financial_statements] 验证 存货周转天数 (table)
查一下中兴通讯的净利率,"中兴通讯,000063.SZ,净利率,S_FA_NETPROFITMARGIN",,中兴通讯,净利率,10y,[financial_statements] 验证 净利率 (table)
截至2023年底新金路的净利率,"新金路,000510.SZ,净利率,S_FA_NETPROFITMARGIN","<=,2023",新金路,净利率,until_2023,[financial_statements] 验证 净利率 (table)
中集集团最近一年的每股经营现金流OCFPS走势,"中集集团,000039.SZ,每股经营现金流OCFPS,S_FA_OCFPS",,中集集团,每股经营现金流OCFPS,1y,[financial_statements] 验证 每股经营现金流OCFPS (table)
截至2023年底广聚能源的每股经营现金流OCFPS,"广聚能源,000096.SZ,每股经营现金流OCFPS,S_FA_OCFPS","<=,2023",广聚能源,每股经营现金流OCFPS,until_2023,[financial_statements] 验证 每股经营现金流OCFPS (table)
2023年美丽生态的速动比,"美丽生态,000010.SZ,速动比,S_FA_QUICK",2023,美丽生态,速动比,2023,[financial_statements] 验证 速动比 (table)
藏格矿业的速动比是多少,"藏格矿业,000408.SZ,速动比,S_FA_QUICK",,藏格矿业,速动比,10y,[financial_statements] 验证 速动比 (table)
北方国际最近一年的总资产净利率ROA走势,"北方国际,000065.SZ,总资产净利率ROA,S_FA_ROA",,北方国际,总资产净利率ROA,1y,[financial_statements] 验证 总资产净利率ROA (table)
沙河股份最新的总资产净利率ROA,"沙河股份,000014.SZ,总资产净利率ROA,S_FA_ROA","ORDER BY,LIMIT 1",沙河股份,总资产净利率ROA,latest,[financial_statements] 验证 总资产净利率ROA (table)
查一下国际医学的净资产收益率ROE(平均),"国际医学,000516.SZ,净资产收益率ROE(平均),S_FA_ROE",,国际医学,净资产收益率ROE(平均),10y,[financial_statements] 验证 净资产收益率ROE(平均) (table)
丰原药业最新的净资产收益率ROE(平均),"丰原药业,000153.SZ,净资产收益率ROE(平均),S_FA_ROE","ORDER BY,LIMIT 1",丰原药业,净资产收益率ROE(平均),latest,[financial_statements] 验证 净资产收益率ROE(平均) (table)
2023年武商集团的净资产收益率ROE(扣非),"武商集团,000501.SZ,净资产收益率ROE(扣非),S_FA_ROE_DEDUCTED",2023,武商集团,净资产收益率ROE(扣非),2023,[financial_statements] 验证 净资产收益率ROE(扣非) (table)
中集集团最近一年的净资产收益率ROE(扣非)走势,"中集集团,000039.SZ,净资产收益率ROE(扣非),S_FA_ROE_DEDUCTED",,中集集团,净资产收益率ROE(扣非),1y,[financial_statements] 验证 净资产收益率ROE(扣非) (table)
深物业A的投入资本回报率ROIC是多少,"深物业A,000011.SZ,投入资本回报率ROIC,S_FA_ROIC",,深物业A,投入资本回报率ROIC,10y,[financial_statements] 验证 投入资本回报率ROIC (table)
金隅冀东的投入资本回报率ROIC是多少,"金隅冀东,000401.SZ,投入资本回报率ROIC,S_FA_ROIC",,金隅冀东,投入资本回报率ROIC,10y,[financial_statements] 验证 投入资本回报率ROIC (table)
中金岭南的销售费用率是多少,"中金岭南,000060.SZ,销售费用率,S_FA_SALEEXPENSETOGR",,中金岭南,销售费用率,10y,[financial_statements] 验证 销售费用率 (table)
2023年*ST张股的销售费用率,"*ST张股,000430.SZ,销售费用率,S_FA_SALEEXPENSETOGR",2023,*ST张股,销售费用率,2023,[financial_statements] 验证 销售费用率 (table)
平安银行最近一年的营业周期走势,"平安银行,000001.SZ,营业周期,S_FA_TURNDAYS",,平安银行,营业周期,1y,[financial_statements] 验证 营业周期 (table)
截至2023年底深天马A的营业周期,"深天马A,000050.SZ,营业周期,S_FA_TURNDAYS","<=,2023",深天马A,营业周期,until_2023,[financial_statements] 验证 营业周期 (table)
富奥股份的利润总额YOY是多少,"富奥股份,000030.SZ,利润总额YOY,S_FA_YOYEBT",,富奥股份,利润总额YOY,10y,[financial_statements] 验证 利润总额YOY (table)
2023年新金路的利润总额YOY,"新金路,000510.SZ,利润总额YOY,S_FA_YOYEBT",2023,新金路,利润总额YOY,2023,[financial_statements] 验证 利润总额YOY (table)
新金路最近一年的EPS-YOY走势,"新金路,000510.SZ,EPS-YOY,S_FA_YOYEPS_BASIC",,新金路,EPS-YOY,1y,[financial_statements] 验证 EPS-YOY (table)
中洲控股最新的EPS-YOY,"中洲控股,000042.SZ,EPS-YOY,S_FA_YOYEPS_BASIC","ORDER BY,LIMIT 1",中洲控股,EPS-YOY,latest,[financial_statements] 验证 EPS-YOY (table)
*ST国华的归母净利润YOY是多少,"*ST国华,000004.SZ,归母净利润YOY,S_FA_YOYNETPROFIT",,*ST国华,归母净利润YOY,10y,[financial_statements] 验证 归母净利润YOY (table)
2023年山东路桥的归母净利润YOY,"山东路桥,000498.SZ,归母净利润YOY,S_FA_YOYNETPROFIT",2023,山东路桥,归母净利润YOY,2023,[financial_statements] 验证 归母净利润YOY (table)
查一下丰原药业的扣非归母净利润YOY,"丰原药业,000153.SZ,扣非归母净利润YOY,S_FA_YOYNETPROFIT_DEDUCTED",,丰原药业,扣非归母净利润YOY,10y,[financial_statements] 验证 扣非归母净利润YOY (table)
2023年兴业银锡的扣非归母净利润YOY,"兴业银锡,000426.SZ,扣非归母净利润YOY,S_FA_YOYNETPROFIT_DEDUCTED",2023,兴业银锡,扣非归母净利润YOY,2023,[financial_statements] 验证 扣非归母净利润YOY (table)
长虹华意最新的营业利润YOY,"长虹华意,000404.SZ,营业利润YOY,S_FA_YOYOP","ORDER BY,LIMIT 1",长虹华意,营业利润YOY,latest,[financial_statements] 验证 营业利润YOY (table)
2023年国药一致的营业利润YOY,"国药一致,000028.SZ,营业利润YOY,S_FA_YOYOP",2023,国药一致,营业利润YOY,2023,[financial_statements] 验证 营业利润YOY (table)
神州数码最新的净资产YOY,"神州数码,000034.SZ,净资产YOY,S_FA_YOY_EQUITY","ORDER BY,LIMIT 1",神州数码,净资产YOY,latest,[financial_statements] 验证 净资产YOY (table)
京粮控股最近一年的净资产YOY走势,"京粮控股,000505.SZ,净资产YOY,S_FA_YOY_EQUITY",,京粮控股,净资产YOY,1y,[financial_statements] 验证 净资产YOY (table)
深深房A的营业收入YOY是多少,"深深房A,000029.SZ,营业收入YOY,S_FA_YOY_OR",,深深房A,营业收入YOY,10y,[financial_statements] 验证 营业收入YOY (table)
查一下华数传媒的营业收入YOY,"华数传媒,000156.SZ,营业收入YOY,S_FA_YOY_OR",,华数传媒,营业收入YOY,10y,[financial_statements] 验证 营业收入YOY (table)
截至2023年底神州高铁的营业总收入YOY,"神州高铁,000008.SZ,营业总收入YOY,S_FA_YOY_TR","<=,2023",神州高铁,营业总收入YOY,until_2023,[financial_statements] 验证 营业总收入YOY (table)
深华发A最近一年的营业总收入YOY走势,"深华发A,000020.SZ,营业总收入YOY,S_FA_YOY_TR",,深华发A,营业总收入YOY,1y,[financial_statements] 验证 营业总收入YOY (table)
查一下藏格矿业的单季度.管理费用率,"藏格矿业,000408.SZ,单季度.管理费用率,S_QFA_ADMINEXPENSETOGR",,藏格矿业,单季度.管理费用率,10y,[financial_statements] 验证 单季度.管理费用率 (table)
常山北明的单季度.管理费用率是多少,"常山北明,000158.SZ,单季度.管理费用率,S_QFA_ADMINEXPENSETOGR",,常山北明,单季度.管理费用率,10y,[financial_statements] 验证 单季度.管理费用率 (table)
查一下深圳华强的单季度.期初现金及现金等价物余额,"深圳华强,000062.SZ,单季度.期初现金及现金等价物余额,S_QFA_CASH_CASH_EQU_BEG_PERIOD",,深圳华强,单季度.期初现金及现金等价物余额,10y,[financial_statements] 验证 单季度.期初现金及现金等价物余额 (table)
2023年中国天楹的单季度.期初现金及现金等价物余额,"中国天楹,000035.SZ,单季度.期初现金及现金等价物余额,S_QFA_CASH_CASH_EQU_BEG_PERIOD",2023,中国天楹,单季度.期初现金及现金等价物余额,2023,[financial_statements] 验证 单季度.期初现金及现金等价物余额 (table)
2023年中信海直的单季度.期末现金及现金等价物余额,"中信海直,000099.SZ,单季度.期末现金及现金等价物余额,S_QFA_CASH_CASH_EQU_END_PERIOD",2023,中信海直,单季度.期末现金及现金等价物余额,2023,[financial_statements] 验证 单季度.期末现金及现金等价物余额 (table)
潍柴动力的单季度.期末现金及现金等价物余额是多少,"潍柴动力,000338.SZ,单季度.期末现金及现金等价物余额,S_QFA_CASH_CASH_EQU_END_PERIOD",,潍柴动力,单季度.期末现金及现金等价物余额,10y,[financial_statements] 验证 单季度.期末现金及现金等价物余额 (table)
国新健康最近一年的单季度.投资支付的现金走势,"国新健康,000503.SZ,单季度.投资支付的现金,S_QFA_CASH_PAID_INVEST",,国新健康,单季度.投资支付的现金,1y,[financial_statements] 验证 单季度.投资支付的现金 (table)
截至2023年底派林生物的单季度.投资支付的现金,"派林生物,000403.SZ,单季度.投资支付的现金,S_QFA_CASH_PAID_INVEST","<=,2023",派林生物,单季度.投资支付的现金,until_2023,[financial_statements] 验证 单季度.投资支付的现金 (table)
查一下中金岭南的单季度.购建固定无形长期资产支付的现金,"中金岭南,000060.SZ,单季度.购建固定无形长期资产支付的现金,S_QFA_CASH_PAY_ACQ_CONST_FIOLTA",,中金岭南,单季度.购建固定无形长期资产支付的现金,10y,[financial_statements] 验证 单季度.购建固定无形长期资产支付的现金 (table)
截至2023年底常山北明的单季度.购建固定无形长期资产支付的现金,"常山北明,000158.SZ,单季度.购建固定无形长期资产支付的现金,S_QFA_CASH_PAY_ACQ_CONST_FIOLTA","<=,2023",常山北明,单季度.购建固定无形长期资产支付的现金,until_2023,[financial_statements] 验证 单季度.购建固定无形长期资产支付的现金 (table)
深康佳A最近一年的单季度.为职工支付的现金走势,"深康佳A,000016.SZ,单季度.为职工支付的现金,S_QFA_CASH_PAY_BEH_EMPL",,深康佳A,单季度.为职工支付的现金,1y,[financial_statements] 验证 单季度.为职工支付的现金 (table)
方大集团最近一年的单季度.为职工支付的现金走势,"方大集团,000055.SZ,单季度.为职工支付的现金,S_QFA_CASH_PAY_BEH_EMPL",,方大集团,单季度.为职工支付的现金,1y,[financial_statements] 验证 单季度.为职工支付的现金 (table)
查一下丰原药业的单季度.分配股利利润或偿付利息支付的现金,"丰原药业,000153.SZ,单季度.分配股利利润或偿付利息支付的现金,S_QFA_CASH_PAY_DIST_DPCP_INT_EXP",,丰原药业,单季度.分配股利利润或偿付利息支付的现金,10y,[financial_statements] 验证 单季度.分配股利利润或偿付利息支付的现金 (table)
查一下京粮控股的单季度.分配股利利润或偿付利息支付的现金,"京粮控股,000505.SZ,单季度.分配股利利润或偿付利息支付的现金,S_QFA_CASH_PAY_DIST_DPCP_INT_EXP",,京粮控股,单季度.分配股利利润或偿付利息支付的现金,10y,[financial_statements] 验证 单季度.分配股利利润或偿付利息支付的现金 (table)
金融街的单季度.购买商品接受劳务支付的现金是多少,"金融街,000402.SZ,单季度.购买商品接受劳务支付的现金,S_QFA_CASH_PAY_GOODS_PURCH_SERV_REC",,金融街,单季度.购买商品接受劳务支付的现金,10y,[financial_statements] 验证 单季度.购买商品接受劳务支付的现金 (table)
中金岭南最近一年的单季度.购买商品接受劳务支付的现金走势,"中金岭南,000060.SZ,单季度.购买商品接受劳务支付的现金,S_QFA_CASH_PAY_GOODS_PURCH_SERV_REC",,中金岭南,单季度.购买商品接受劳务支付的现金,1y,[financial_statements] 验证 单季度.购买商品接受劳务支付的现金 (table)
2023年中洲控股的单季度.取得借款收到的现金,"中洲控股,000042.SZ,单季度.取得借款收到的现金,S_QFA_CASH_RECP_BORROW",2023,中洲控股,单季度.取得借款收到的现金,2023,[financial_statements] 验证 单季度.取得借款收到的现金 (table)
查一下丽珠集团的单季度.取得借款收到的现金,"丽珠集团,000513.SZ,单季度.取得借款收到的现金,S_QFA_CASH_RECP_BORROW",,丽珠集团,单季度.取得借款收到的现金,10y,[financial_statements] 验证 单季度.取得借款收到的现金 (table)
截至2023年底武商集团的单季度.取得投资收益收到的现金,"武商集团,000501.SZ,单季度.取得投资收益收到的现金,S_QFA_CASH_RECP_RETURN_INVEST","<=,2023",武商集团,单季度.取得投资收益收到的现金,until_2023,[financial_statements] 验证 单季度.取得投资收益收到的现金 (table)
查一下丽珠集团的单季度.取得投资收益收到的现金,"丽珠集团,000513.SZ,单季度.取得投资收益收到的现金,S_QFA_CASH_RECP_RETURN_INVEST",,丽珠集团,单季度.取得投资收益收到的现金,10y,[financial_statements] 验证 单季度.取得投资收益收到的现金 (table)
2023年平安银行的单季度.销售商品提供劳务收到的现金,"平安银行,000001.SZ,单季度.销售商品提供劳务收到的现金,S_QFA_CASH_RECP_SG_AND_RS",2023,平安银行,单季度.销售商品提供劳务收到的现金,2023,[financial_statements] 验证 单季度.销售商品提供劳务收到的现金 (table)
查一下新金路的单季度.销售商品提供劳务收到的现金,"新金路,000510.SZ,单季度.销售商品提供劳务收到的现金,S_QFA_CASH_RECP_SG_AND_RS",,新金路,单季度.销售商品提供劳务收到的现金,10y,[financial_statements] 验证 单季度.销售商品提供劳务收到的现金 (table)
2023年京基智农的单季度.营业总收入MOM,"京基智农,000048.SZ,单季度.营业总收入MOM,S_QFA_CGRGR",2023,京基智农,单季度.营业总收入MOM,2023,[financial_statements] 验证 单季度.营业总收入MOM (table)
华控赛格最新的单季度.营业总收入MOM,"华控赛格,000068.SZ,单季度.营业总收入MOM,S_QFA_CGRGR","ORDER BY,LIMIT 1",华控赛格,单季度.营业总收入MOM,latest,[financial_statements] 验证 单季度.营业总收入MOM (table)
中成股份最近一年的单季度.归母净利润MOM走势,"中成股份,000151.SZ,单季度.归母净利润MOM,S_QFA_CGRNETPROFIT",,中成股份,单季度.归母净利润MOM,1y,[financial_statements] 验证 单季度.归母净利润MOM (table)
2023年*ST生物的单季度.归母净利润MOM,"*ST生物,000504.SZ,单季度.归母净利润MOM,S_QFA_CGRNETPROFIT",2023,*ST生物,单季度.归母净利润MOM,2023,[financial_statements] 验证 单季度.归母净利润MOM (table)
深桑达A的单季度.营业利润MOM是多少,"深桑达A,000032.SZ,单季度.营业利润MOM,S_QFA_CGROP",,深桑达A,单季度.营业利润MOM,10y,[financial_statements] 验证 单季度.营业利润MOM (table)
招金黄金最近一年的单季度.营业利润MOM走势,"招金黄金,000506.SZ,单季度.营业利润MOM,S_QFA_CGROP",,招金黄金,单季度.营业利润MOM,1y,[financial_statements] 验证 单季度.营业利润MOM (table)
深华发A的单季度.净利润MOM是多少,"深华发A,000020.SZ,单季度.净利润MOM,S_QFA_CGRPROFIT",,深华发A,单季度.净利润MOM,10y,[financial_statements] 验证 单季度.净利润MOM (table)
截至2023年底武商集团的单季度.净利润MOM,"武商集团,000501.SZ,单季度.净利润MOM,S_QFA_CGRPROFIT","<=,2023",武商集团,单季度.净利润MOM,until_2023,[financial_statements] 验证 单季度.净利润MOM (table)
查一下南京公用的单季度.主营业务收入MOM,"南京公用,000421.SZ,单季度.主营业务收入MOM,S_QFA_CGRSALES",,南京公用,单季度.主营业务收入MOM,10y,[financial_statements] 验证 单季度.主营业务收入MOM (table)
截至2023年底珠海港的单季度.主营业务收入MOM,"珠海港,000507.SZ,单季度.主营业务收入MOM,S_QFA_CGRSALES","<=,2023",珠海港,单季度.主营业务收入MOM,until_2023,[financial_statements] 验证 单季度.主营业务收入MOM (table)
*ST张股的单季度.基本每股收益是多少,"*ST张股,000430.SZ,单季度.基本每股收益,S_QFA_EPS",,*ST张股,单季度.基本每股收益,10y,[financial_statements] 验证 单季度.基本每股收益 (table)
中国宝安最近一年的单季度.基本每股收益走势,"中国宝安,000009.SZ,单季度.基本每股收益,S_QFA_EPS",,中国宝安,单季度.基本每股收益,1y,[financial_statements] 验证 单季度.基本每股收益 (table)
截至2023年底深圳华强的单季度.费用率,"深圳华强,000062.SZ,单季度.费用率,S_QFA_EXPENSETOSALES","<=,2023",深圳华强,单季度.费用率,until_2023,[financial_statements] 验证 单季度.费用率 (table)
盐田港的单季度.费用率是多少,"盐田港,000088.SZ,单季度.费用率,S_QFA_EXPENSETOSALES",,盐田港,单季度.费用率,10y,[financial_statements] 验证 单季度.费用率 (table)
德赛电池最新的单季度.财务费用率,"德赛电池,000049.SZ,单季度.财务费用率,S_QFA_FINAEXPENSETOGR","ORDER BY,LIMIT 1",德赛电池,单季度.财务费用率,latest,[financial_statements] 验证 单季度.财务费用率 (table)
深纺织A最新的单季度.财务费用率,"深纺织A,000045.SZ,单季度.财务费用率,S_QFA_FINAEXPENSETOGR","ORDER BY,LIMIT 1",深纺织A,单季度.财务费用率,latest,[financial_statements] 验证 单季度.财务费用率 (table)
2023年中国宝安的单季度.毛利率,"中国宝安,000009.SZ,单季度.毛利率,S_QFA_GROSSPROFITMARGIN",2023,中国宝安,单季度.毛利率,2023,[financial_statements] 验证 单季度.毛利率 (table)
美丽生态的单季度.毛利率是多少,"美丽生态,000010.SZ,单季度.毛利率,S_QFA_GROSSPROFITMARGIN",,美丽生态,单季度.毛利率,10y,[financial_statements] 验证 单季度.毛利率 (table)
2023年长虹华意的单季度.所得税,"长虹华意,000404.SZ,单季度.所得税,S_QFA_INC_TAX",2023,长虹华意,单季度.所得税,2023,[financial_statements] 验证 单季度.所得税 (table)
渝开发的单季度.所得税是多少,"渝开发,000514.SZ,单季度.所得税,S_QFA_INC_TAX",,渝开发,单季度.所得税,10y,[financial_statements] 验证 单季度.所得税 (table)
深圳华强最近一年的单季度.财务费用走势,"深圳华强,000062.SZ,单季度.财务费用,S_QFA_LESS_FIN_EXP",,深圳华强,单季度.财务费用,1y,[financial_statements] 验证 单季度.财务费用 (table)
截至2023年底东方盛虹的单季度.财务费用,"东方盛虹,000301.SZ,单季度.财务费用,S_QFA_LESS_FIN_EXP","<=,2023",东方盛虹,单季度.财务费用,until_2023,[financial_statements] 验证 单季度.财务费用 (table)
山东路桥的单季度.管理费用是多少,"山东路桥,000498.SZ,单季度.管理费用,S_QFA_LESS_GERL_ADMIN_EXP",,山东路桥,单季度.管理费用,10y,[financial_statements] 验证 单季度.管理费用 (table)
深中华A最新的单季度.管理费用,"深中华A,000017.SZ,单季度.管理费用,S_QFA_LESS_GERL_ADMIN_EXP","ORDER BY,LIMIT 1",深中华A,单季度.管理费用,latest,[financial_statements] 验证 单季度.管理费用 (table)
2023年深振业A的单季度.营业成本,"深振业A,000006.SZ,单季度.营业成本,S_QFA_LESS_OPER_COST",2023,深振业A,单季度.营业成本,2023,[financial_statements] 验证 单季度.营业成本 (table)
2023年ST晨鸣的单季度.营业成本,"ST晨鸣,000488.SZ,单季度.营业成本,S_QFA_LESS_OPER_COST",2023,ST晨鸣,单季度.营业成本,2023,[financial_statements] 验证 单季度.营业成本 (table)
查一下中集集团的单季度.销售费用,"中集集团,000039.SZ,单季度.销售费用,S_QFA_LESS_SELLING_DIST_EXP",,中集集团,单季度.销售费用,10y,[financial_statements] 验证 单季度.销售费用 (table)
2023年国际医学的单季度.销售费用,"国际医学,000516.SZ,单季度.销售费用,S_QFA_LESS_SELLING_DIST_EXP",2023,国际医学,单季度.销售费用,2023,[financial_statements] 验证 单季度.销售费用 (table)
2023年京基智农的单季度.少数股东损益,"京基智农,000048.SZ,单季度.少数股东损益,S_QFA_MINORITY_INT_INC",2023,京基智农,单季度.少数股东损益,2023,[financial_statements] 验证 单季度.少数股东损益 (table)
查一下华天酒店的单季度.少数股东损益,"华天酒店,000428.SZ,单季度.少数股东损益,S_QFA_MINORITY_INT_INC",,华天酒店,单季度.少数股东损益,10y,[financial_statements] 验证 单季度.少数股东损益 (table)
查一下国药一致的单季度.净利率,"国药一致,000028.SZ,单季度.净利率,S_QFA_NETPROFITMARGIN",,国药一致,单季度.净利率,10y,[financial_statements] 验证 单季度.净利率 (table)
藏格矿业最近一年的单季度.净利率走势,"藏格矿业,000408.SZ,单季度.净利率,S_QFA_NETPROFITMARGIN",,藏格矿业,单季度.净利率,1y,[financial_statements] 验证 单季度.净利率 (table)
截至2023年底沙河股份的单季度.筹资活动现金净流量,"沙河股份,000014.SZ,单季度.筹资活动现金净流量,S_QFA_NET_CASH_FLOWS_FNC_ACT","<=,2023",沙河股份,单季度.筹资活动现金净流量,until_2023,[financial_statements] 验证 单季度.筹资活动现金净流量 (table)
深圳华强的单季度.筹资活动现金净流量是多少,"深圳华强,000062.SZ,单季度.筹资活动现金净流量,S_QFA_NET_CASH_FLOWS_FNC_ACT",,深圳华强,单季度.筹资活动现金净流量,10y,[financial_statements] 验证 单季度.筹资活动现金净流量 (table)
徐工机械的单季度.投资活动现金净流量是多少,"徐工机械,000425.SZ,单季度.投资活动现金净流量,S_QFA_NET_CASH_FLOWS_INV_ACT",,徐工机械,单季度.投资活动现金净流量,10y,[financial_statements] 验证 单季度.投资活动现金净流量 (table)
2023年深圳华强的单季度.投资活动现金净流量,"深圳华强,000062.SZ,单季度.投资活动现金净流量,S_QFA_NET_CASH_FLOWS_INV_ACT",2023,深圳华强,单季度.投资活动现金净流量,2023,[financial_statements] 验证 单季度.投资活动现金净流量 (table)
海王生物最新的单季度.经营活动现金净流量,"海王生物,000078.SZ,单季度.经营活动现金净流量,S_QFA_NET_CASH_FLOWS_OPER_ACT","ORDER BY,LIMIT 1",海王生物,单季度.经营活动现金净流量,latest,[financial_statements] 验证 单季度.经营活动现金净流量 (table)
截至2023年底派林生物的单季度.经营活动现金净流量,"派林生物,000403.SZ,单季度.经营活动现金净流量,S_QFA_NET_CASH_FLOWS_OPER_ACT","<=,2023",派林生物,单季度.经营活动现金净流量,until_2023,[financial_statements] 验证 单季度.经营活动现金净流量 (table)
截至2023年底华塑控股的单季度.处置固定无形长期资产收回的现金净额,"华塑控股,000509.SZ,单季度.处置固定无形长期资产收回的现金净额,S_QFA_NET_CASH_RECP_DISP_FIOLTA","<=,2023",华塑控股,单季度.处置固定无形长期资产收回的现金净额,until_2023,[financial_statements] 验证 单季度.处置固定无形长期资产收回的现金净额 (table)
深粮控股的单季度.处置固定无形长期资产收回的现金净额是多少,"深粮控股,000019.SZ,单季度.处置固定无形长期资产收回的现金净额,S_QFA_NET_CASH_RECP_DISP_FIOLTA",,深粮控股,单季度.处置固定无形长期资产收回的现金净额,10y,[financial_statements] 验证 单季度.处置固定无形长期资产收回的现金净额 (table)
查一下山东路桥的单季度.现金及现金等价物净增加额,"山东路桥,000498.SZ,单季度.现金及现金等价物净增加额,S_QFA_NET_INCR_CASH_CASH_EQU",,山东路桥,单季度.现金及现金等价物净增加额,10y,[financial_statements] 验证 单季度.现金及现金等价物净增加额 (table)
皇庭国际的单季度.现金及现金等价物净增加额是多少,"皇庭国际,000056.SZ,单季度.现金及现金等价物净增加额,S_QFA_NET_INCR_CASH_CASH_EQU",,皇庭国际,单季度.现金及现金等价物净增加额,10y,[financial_statements] 验证 单季度.现金及现金等价物净增加额 (table)
东方盛虹最新的单季度.归母净利润,"东方盛虹,000301.SZ,单季度.归母净利润,S_QFA_NET_PROFIT_EXCL_MIN_INT_INC","ORDER BY,LIMIT 1",东方盛虹,单季度.归母净利润,latest,[financial_statements] 验证 单季度.归母净利润 (table)
查一下平安银行的单季度.归母净利润,"平安银行,000001.SZ,单季度.归母净利润,S_QFA_NET_PROFIT_EXCL_MIN_INT_INC",,平安银行,单季度.归母净利润,10y,[financial_statements] 验证 单季度.归母净利润 (table)
富奥股份的单季度.净利润是多少,"富奥股份,000030.SZ,单季度.净利润,S_QFA_NET_PROFIT_INCL_MIN_INT_INC",,富奥股份,单季度.净利润,10y,[financial_statements] 验证 单季度.净利润 (table)
查一下深物业A的单季度.净利润,"深物业A,000011.SZ,单季度.净利润,S_QFA_NET_PROFIT_INCL_MIN_INT_INC",,深物业A,单季度.净利润,10y,[financial_statements] 验证 单季度.净利润 (table)
查一下美丽生态的单季度.营业利润,"美丽生态,000010.SZ,单季度.营业利润,S_QFA_OPER_PROFIT",,美丽生态,单季度.营业利润,10y,[financial_statements] 验证 单季度.营业利润 (table)
2023年广聚能源的单季度.营业利润,"广聚能源,000096.SZ,单季度.营业利润,S_QFA_OPER_PROFIT",2023,广聚能源,单季度.营业利润,2023,[financial_statements] 验证 单季度.营业利润 (table)
2023年*ST生物的单季度.主营业务收入,"*ST生物,000504.SZ,单季度.主营业务收入,S_QFA_OPER_REV",2023,*ST生物,单季度.主营业务收入,2023,[financial_statements] 验证 单季度.主营业务收入 (table)
查一下山东路桥的单季度.主营业务收入,"山东路桥,000498.SZ,单季度.主营业务收入,S_QFA_OPER_REV",,山东路桥,单季度.主营业务收入,10y,[financial_statements] 验证 单季度.主营业务收入 (table)
截至2023年底德赛电池的单季度.支付的各项税费,"德赛电池,000049.SZ,单季度.支付的各项税费,S_QFA_PAY_ALL_TYP_TAX","<=,2023",德赛电池,单季度.支付的各项税费,until_2023,[financial_statements] 验证 单季度.支付的各项税费 (table)
南玻A的单季度.支付的各项税费是多少,"南玻A,000012.SZ,单季度.支付的各项税费,S_QFA_PAY_ALL_TYP_TAX",,南玻A,单季度.支付的各项税费,10y,[financial_statements] 验证 单季度.支付的各项税费 (table)
华联控股的单季度.研发费用是多少,"华联控股,000036.SZ,单季度.研发费用,S_QFA_RD_EXPENSE",,华联控股,单季度.研发费用,10y,[financial_statements] 验证 单季度.研发费用 (table)
2023年中兴通讯的单季度.研发费用,"中兴通讯,000063.SZ,单季度.研发费用,S_QFA_RD_EXPENSE",2023,中兴通讯,单季度.研发费用,2023,[financial_statements] 验证 单季度.研发费用 (table)
金融街最新的单季报报告类型,"金融街,000402.SZ,单季报报告类型,S_QFA_REPORT_TYPE","ORDER BY,LIMIT 1",金融街,单季报报告类型,latest,[financial_statements] 验证 单季报报告类型 (table)
英特集团最近一年的单季报报告类型走势,"英特集团,000411.SZ,单季报报告类型,S_QFA_REPORT_TYPE",,英特集团,单季报报告类型,1y,[financial_statements] 验证 单季报报告类型 (table)
查一下通程控股的单季度.总资产净利率ROA,"通程控股,000419.SZ,单季度.总资产净利率ROA,S_QFA_ROA",,通程控股,单季度.总资产净利率ROA,10y,[financial_statements] 验证 单季度.总资产净利率ROA (table)
中集集团最近一年的单季度.总资产净利率ROA走势,"中集集团,000039.SZ,单季度.总资产净利率ROA,S_QFA_ROA",,中集集团,单季度.总资产净利率ROA,1y,[financial_statements] 验证 单季度.总资产净利率ROA (table)
新金路的单季度.净资产收益率ROE是多少,"新金路,000510.SZ,单季度.净资产收益率ROE,S_QFA_ROE",,新金路,单季度.净资产收益率ROE,10y,[financial_statements] 验证 单季度.净资产收益率ROE (table)
英特集团最近一年的单季度.净资产收益率ROE走势,"英特集团,000411.SZ,单季度.净资产收益率ROE,S_QFA_ROE",,英特集团,单季度.净资产收益率ROE,1y,[financial_statements] 验证 单季度.净资产收益率ROE (table)
华控赛格最近一年的单季度.净资产收益率ROE(扣非)走势,"华控赛格,000068.SZ,单季度.净资产收益率ROE(扣非),S_QFA_ROE_DEDUCTED",,华控赛格,单季度.净资产收益率ROE(扣非),1y,[financial_statements] 验证 单季度.净资产收益率ROE(扣非) (table)
查一下常山北明的单季度.净资产收益率ROE(扣非),"常山北明,000158.SZ,单季度.净资产收益率ROE(扣非),S_QFA_ROE_DEDUCTED",,常山北明,单季度.净资产收益率ROE(扣非),10y,[financial_statements] 验证 单季度.净资产收益率ROE(扣非) (table)
富奥股份最近一年的单季度.销售费用率走势,"富奥股份,000030.SZ,单季度.销售费用率,S_QFA_SALEEXPENSETOGR",,富奥股份,单季度.销售费用率,1y,[financial_statements] 验证 单季度.销售费用率 (table)
截至2023年底农产品的单季度.销售费用率,"农产品,000061.SZ,单季度.销售费用率,S_QFA_SALEEXPENSETOGR","<=,2023",农产品,单季度.销售费用率,until_2023,[financial_statements] 验证 单季度.销售费用率 (table)
特力A最新的单季度.营业总成本,"特力A,000025.SZ,单季度.营业总成本,S_QFA_TOT_OPER_COST","ORDER BY,LIMIT 1",特力A,单季度.营业总成本,latest,[financial_statements] 验证 单季度.营业总成本 (table)
英特集团最新的单季度.营业总成本,"英特集团,000411.SZ,单季度.营业总成本,S_QFA_TOT_OPER_COST","ORDER BY,LIMIT 1",英特集团,单季度.营业总成本,latest,[financial_statements] 验证 单季度.营业总成本 (table)
2023年方大集团的单季度.营业总收入,"方大集团,000055.SZ,单季度.营业总收入,S_QFA_TOT_OPER_REV",2023,方大集团,单季度.营业总收入,2023,[financial_statements] 验证 单季度.营业总收入 (table)
查一下中集集团的单季度.营业总收入,"中集集团,000039.SZ,单季度.营业总收入,S_QFA_TOT_OPER_REV",,中集集团,单季度.营业总收入,10y,[financial_statements] 验证 单季度.营业总收入 (table)
截至2023年底美的集团的单季度.利润总额,"美的集团,000333.SZ,单季度.利润总额,S_QFA_TOT_PROFIT","<=,2023",美的集团,单季度.利润总额,until_2023,[financial_statements] 验证 单季度.利润总额 (table)
截至2023年底神州数码的单季度.利润总额,"神州数码,000034.SZ,单季度.利润总额,S_QFA_TOT_PROFIT","<=,2023",神州数码,单季度.利润总额,until_2023,[financial_statements] 验证 单季度.利润总额 (table)
飞亚达最近一年的单季度.营业总收入YOY走势,"飞亚达,000026.SZ,单季度.营业总收入YOY,S_QFA_YOYGR",,飞亚达,单季度.营业总收入YOY,1y,[financial_statements] 验证 单季度.营业总收入YOY (table)
中信海直最近一年的单季度.营业总收入YOY走势,"中信海直,000099.SZ,单季度.营业总收入YOY,S_QFA_YOYGR",,中信海直,单季度.营业总收入YOY,1y,[financial_statements] 验证 单季度.营业总收入YOY (table)
中国宝安的单季度.归母净利润YOY是多少,"中国宝安,000009.SZ,单季度.归母净利润YOY,S_QFA_YOYNETPROFIT",,中国宝安,单季度.归母净利润YOY,10y,[financial_statements] 验证 单季度.归母净利润YOY (table)
查一下山东路桥的单季度.归母净利润YOY,"山东路桥,000498.SZ,单季度.归母净利润YOY,S_QFA_YOYNETPROFIT",,山东路桥,单季度.归母净利润YOY,10y,[financial_statements] 验证 单季度.归母净利润YOY (table)
英特集团的单季度.营业利润YOY是多少,"英特集团,000411.SZ,单季度.营业利润YOY,S_QFA_YOYOP",,英特集团,单季度.营业利润YOY,10y,[financial_statements] 验证 单季度.营业利润YOY (table)
查一下农产品的单季度.营业利润YOY,"农产品,000061.SZ,单季度.营业利润YOY,S_QFA_YOYOP",,农产品,单季度.营业利润YOY,10y,[financial_statements] 验证 单季度.营业利润YOY (table)
胜利股份最新的单季度.净利润YOY,"胜利股份,000407.SZ,单季度.净利润YOY,S_QFA_YOYPROFIT","ORDER BY,LIMIT 1",胜利股份,单季度.净利润YOY,latest,[financial_statements] 验证 单季度.净利润YOY (table)
查一下富奥股份的单季度.净利润YOY,"富奥股份,000030.SZ,单季度.净利润YOY,S_QFA_YOYPROFIT",,富奥股份,单季度.净利润YOY,10y,[financial_statements] 验证 单季度.净利润YOY (table)
查一下天健集团的单季度.主营业务收入YOY,"天健集团,000090.SZ,单季度.主营业务收入YOY,S_QFA_YOYSALES",,天健集团,单季度.主营业务收入YOY,10y,[financial_statements] 验证 单季度.主营业务收入YOY (table)
查一下新金路的单季度.主营业务收入YOY,"新金路,000510.SZ,单季度.主营业务收入YOY,S_QFA_YOYSALES",,新金路,单季度.主营业务收入YOY,10y,[financial_statements] 验证 单季度.主营业务收入YOY (table)
2023年深中华A的折旧与摊销,"深中华A,000017.SZ,折旧与摊销,S_STM_IS",2023,深中华A,折旧与摊销,2023,[financial_statements] 验证 折旧与摊销 (table)
截至2023年底中洲控股的折旧与摊销,"中洲控股,000042.SZ,折旧与摊销,S_STM_IS","<=,2023",中洲控股,折旧与摊销,until_2023,[financial_statements] 验证 折旧与摊销 (table)
截至2023年底深康佳A的应交税费,"深康佳A,000016.SZ,应交税费,TAXES_SURCHARGES_PAYABLE","<=,2023",深康佳A,应交税费,until_2023,[financial_statements] 验证 应交税费 (table)
截至2023年底深赛格的应交税费,"深赛格,000058.SZ,应交税费,TAXES_SURCHARGES_PAYABLE","<=,2023",深赛格,应交税费,until_2023,[financial_statements] 验证 应交税费 (table)
国际医学的资产总计是多少,"国际医学,000516.SZ,资产总计,TOT_ASSETS",,国际医学,资产总计,10y,[financial_statements] 验证 资产总计 (table)
深康佳A最近一年的资产总计走势,"深康佳A,000016.SZ,资产总计,TOT_ASSETS",,深康佳A,资产总计,1y,[financial_statements] 验证 资产总计 (table)
查一下川能动力的流动资产合计,"川能动力,000155.SZ,流动资产合计,TOT_CUR_ASSETS",,川能动力,流动资产合计,10y,[financial_statements] 验证 流动资产合计 (table)
查一下深圳华强的流动资产合计,"深圳华强,000062.SZ,流动资产合计,TOT_CUR_ASSETS",,深圳华强,流动资产合计,10y,[financial_statements] 验证 流动资产合计 (table)
北方国际最新的流动负债合计,"北方国际,000065.SZ,流动负债合计,TOT_CUR_LIAB","ORDER BY,LIMIT 1",北方国际,流动负债合计,latest,[financial_statements] 验证 流动负债合计 (table)
2023年深圳华强的流动负债合计,"深圳华强,000062.SZ,流动负债合计,TOT_CUR_LIAB",2023,深圳华强,流动负债合计,2023,[financial_statements] 验证 流动负债合计 (table)
2023年许继电气的负债合计,"许继电气,000400.SZ,负债合计,TOT_LIAB",2023,许继电气,负债合计,2023,[financial_statements] 验证 负债合计 (table)
2023年中联重科的负债合计,"中联重科,000157.SZ,负债合计,TOT_LIAB",2023,中联重科,负债合计,2023,[financial_statements] 验证 负债合计 (table)
神州高铁的非流动资产合计是多少,"神州高铁,000008.SZ,非流动资产合计,TOT_NON_CUR_ASSETS",,神州高铁,非流动资产合计,10y,[financial_statements] 验证 非流动资产合计 (table)
派林生物的非流动资产合计是多少,"派林生物,000403.SZ,非流动资产合计,TOT_NON_CUR_ASSETS",,派林生物,非流动资产合计,10y,[financial_statements] 验证 非流动资产合计 (table)
查一下深天马A的非流动负债合计,"深天马A,000050.SZ,非流动负债合计,TOT_NON_CUR_LIAB",,深天马A,非流动负债合计,10y,[financial_statements] 验证 非流动负债合计 (table)
湖北宜化最近一年的非流动负债合计走势,"湖北宜化,000422.SZ,非流动负债合计,TOT_NON_CUR_LIAB",,湖北宜化,非流动负债合计,1y,[financial_statements] 验证 非流动负债合计 (table)
深振业A最近一年的营业总成本走势,"深振业A,000006.SZ,营业总成本,TOT_OPER_COST",,深振业A,营业总成本,1y,[financial_statements] 验证 营业总成本 (table)
截至2023年底美的集团的营业总成本,"美的集团,000333.SZ,营业总成本,TOT_OPER_COST","<=,2023",美的集团,营业总成本,until_2023,[financial_statements] 验证 营业总成本 (table)
德赛电池最近一年的营业总收入走势,"德赛电池,000049.SZ,营业总收入,TOT_OPER_REV",,德赛电池,营业总收入,1y,[financial_statements] 验证 营业总收入 (table)
截至2023年底天健集团的营业总收入,"天健集团,000090.SZ,营业总收入,TOT_OPER_REV","<=,2023",天健集团,营业总收入,until_2023,[financial_statements] 验证 营业总收入 (table)
2023年国际实业的利润总额,"国际实业,000159.SZ,利润总额,TOT_PROFIT",2023,国际实业,利润总额,2023,[financial_statements] 验证 利润总额 (table)
华数传媒最近一年的利润总额走势,"华数传媒,000156.SZ,利润总额,TOT_PROFIT",,华数传媒,利润总额,1y,[financial_statements] 验证 利润总额 (table)
2023年湖北宜化的期末总股本,"湖北宜化,000422.SZ,期末总股本,TOT_SHR",2023,湖北宜化,期末总股本,2023,[financial_statements] 验证 期末总股本 (table)
截至2023年底深物业A的期末总股本,"深物业A,000011.SZ,期末总股本,TOT_SHR","<=,2023",深物业A,期末总股本,until_2023,[financial_statements] 验证 期末总股本 (table)
金隅冀东的归属母公司所有者权益合计是多少,"金隅冀东,000401.SZ,归属母公司所有者权益合计,TOT_SHRHLDR_EQY_EXCL_MIN_INT",,金隅冀东,归属母公司所有者权益合计,10y,[financial_statements] 验证 归属母公司所有者权益合计 (table)
华数传媒的归属母公司所有者权益合计是多少,"华数传媒,000156.SZ,归属母公司所有者权益合计,TOT_SHRHLDR_EQY_EXCL_MIN_INT",,华数传媒,归属母公司所有者权益合计,10y,[financial_statements] 验证 归属母公司所有者权益合计 (table)
深圳华强最近一年的所有者权益合计走势,"深圳华强,000062.SZ,所有者权益合计,TOT_SHRHLDR_EQY_INCL_MIN_INT",,深圳华强,所有者权益合计,1y,[financial_statements] 验证 所有者权益合计 (table)
中金岭南的所有者权益合计是多少,"中金岭南,000060.SZ,所有者权益合计,TOT_SHRHLDR_EQY_INCL_MIN_INT",,中金岭南,所有者权益合计,10y,[financial_statements] 验证 所有者权益合计 (table)
2023年国新健康的未分配利润,"国新健康,000503.SZ,未分配利润,UNDISTRIBUTED_PROFIT",2023,国新健康,未分配利润,2023,[financial_statements] 验证 未分配利润 (table)
平安银行最新的未分配利润,"平安银行,000001.SZ,未分配利润,UNDISTRIBUTED_PROFIT","ORDER BY,LIMIT 1",平安银行,未分配利润,latest,[financial_statements] 验证 未分配利润 (table)
中国宝安的购建固定无形长期资产支付的现金YOY是多少,"中国宝安,000009.SZ,购建固定无形长期资产支付的现金YOY,YOY_CASH_PAY",,中国宝安,购建固定无形长期资产支付的现金YOY,10y,[financial_statements] 验证 购建固定无形长期资产支付的现金YOY (table)
沈阳机床最新的购建固定无形长期资产支付的现金YOY,"沈阳机床,000410.SZ,购建固定无形长期资产支付的现金YOY,YOY_CASH_PAY","ORDER BY,LIMIT 1",沈阳机床,购建固定无形长期资产支付的现金YOY,latest,[financial_statements] 验证 购建固定无形长期资产支付的现金YOY (table)
京粮控股最新的存货周转率YOY,"京粮控股,000505.SZ,存货周转率YOY,YOY_INVTURN","ORDER BY,LIMIT 1",京粮控股,存货周转率YOY,latest,[financial_statements] 验证 存货周转率YOY (table)
兴业银锡最近一年的存货周转率YOY走势,"兴业银锡,000426.SZ,存货周转率YOY,YOY_INVTURN",,兴业银锡,存货周转率YOY,1y,[financial_statements] 验证 存货周转率YOY (table)
深天马A最近一年的净利润YOY走势,"深天马A,000050.SZ,净利润YOY,YOY_NET_PROFIT_MIN",,深天马A,净利润YOY,1y,[financial_statements] 验证 净利润YOY (table)
2023年中集集团的净利润YOY,"中集集团,000039.SZ,净利润YOY,YOY_NET_PROFIT_MIN",2023,中集集团,净利润YOY,2023,[financial_statements] 验证 净利润YOY (table)
截至2023年底深南电A的固定资产YOY,"深南电A,000037.SZ,固定资产YOY,YOY_STM_BS_TOT","<=,2023",深南电A,固定资产YOY,until_2023,[financial_statements] 验证 固定资产YOY (table)
2023年南玻A的固定资产YOY,"南玻A,000012.SZ,固定资产YOY,YOY_STM_BS_TOT",2023,南玻A,固定资产YOY,2023,[financial_statements] 验证 固定资产YOY (table)
南京公用的每股净资产-预测是多少,"南京公用,000421.SZ,每股净资产-预测,BPS_PREDICT",,南京公用,每股净资产-预测,10y,[prediction] 验证 每股净资产-预测 (table)
2023年兴业银锡的每股净资产-预测,"兴业银锡,000426.SZ,每股净资产-预测,BPS_PREDICT",2023,兴业银锡,每股净资产-预测,2023,[prediction] 验证 每股净资产-预测 (table)
大悦城最新的每股经营现金流-预测,"大悦城,000031.SZ,每股经营现金流-预测,CPS_PREDICT","ORDER BY,LIMIT 1",大悦城,每股经营现金流-预测,latest,[prediction] 验证 每股经营现金流-预测 (table)
深桑达A最近一年的每股经营现金流-预测走势,"深桑达A,000032.SZ,每股经营现金流-预测,CPS_PREDICT",,深桑达A,每股经营现金流-预测,1y,[prediction] 验证 每股经营现金流-预测 (table)
通程控股最新的股息收益率-预测,"通程控股,000419.SZ,股息收益率-预测,DIVIDEND_YIELD_PREDICT","ORDER BY,LIMIT 1",通程控股,股息收益率-预测,latest,[prediction] 验证 股息收益率-预测 (table)
富奥股份的股息收益率-预测是多少,"富奥股份,000030.SZ,股息收益率-预测,DIVIDEND_YIELD_PREDICT",,富奥股份,股息收益率-预测,10y,[prediction] 验证 股息收益率-预测 (table)
2023年深纺织A的每股股利-预测,"深纺织A,000045.SZ,每股股利-预测,DPS_PREDICT",2023,深纺织A,每股股利-预测,2023,[prediction] 验证 每股股利-预测 (table)
截至2023年底深科技的每股股利-预测,"深科技,000021.SZ,每股股利-预测,DPS_PREDICT","<=,2023",深科技,每股股利-预测,until_2023,[prediction] 验证 每股股利-预测 (table)
华天酒店最新的每股净利润-预测,"华天酒店,000428.SZ,每股净利润-预测,EPS_PREDICT","ORDER BY,LIMIT 1",华天酒店,每股净利润-预测,latest,[prediction] 验证 每股净利润-预测 (table)
查一下湖北宜化的每股净利润-预测,"湖北宜化,000422.SZ,每股净利润-预测,EPS_PREDICT",,湖北宜化,每股净利润-预测,10y,[prediction] 验证 每股净利润-预测 (table)
华联控股最新的EV/EBITDA-预测,"华联控股,000036.SZ,EV/EBITDA-预测,EV_EBITDA_PREDICT","ORDER BY,LIMIT 1",华联控股,EV/EBITDA-预测,latest,[prediction] 验证 EV/EBITDA-预测 (table)
武商集团的EV/EBITDA-预测是多少,"武商集团,000501.SZ,EV/EBITDA-预测,EV_EBITDA_PREDICT",,武商集团,EV/EBITDA-预测,10y,[prediction] 验证 EV/EBITDA-预测 (table)
2023年东阿阿胶的归属母公司净利润增速-预测,"东阿阿胶,000423.SZ,归属母公司净利润增速-预测,NET_PROFIT_GROWTH_RATE_PREDICT",2023,东阿阿胶,归属母公司净利润增速-预测,2023,[prediction] 验证 归属母公司净利润增速-预测 (table)
京粮控股的归属母公司净利润增速-预测是多少,"京粮控股,000505.SZ,归属母公司净利润增速-预测,NET_PROFIT_GROWTH_RATE_PREDICT",,京粮控股,归属母公司净利润增速-预测,10y,[prediction] 验证 归属母公司净利润增速-预测 (table)
富奥股份最近一年的归属母公司净利润-预测走势,"富奥股份,000030.SZ,归属母公司净利润-预测,NET_PROFIT_PREDICT",,富奥股份,归属母公司净利润-预测,1y,[prediction] 验证 归属母公司净利润-预测 (table)
国新健康的归属母公司净利润-预测是多少,"国新健康,000503.SZ,归属母公司净利润-预测,NET_PROFIT_PREDICT",,国新健康,归属母公司净利润-预测,10y,[prediction] 验证 归属母公司净利润-预测 (table)
山东路桥最新的市净率-预测,"山东路桥,000498.SZ,市净率-预测,PB_PREDICT","ORDER BY,LIMIT 1",山东路桥,市净率-预测,latest,[prediction] 验证 市净率-预测 (table)
查一下英特集团的市净率-预测,"英特集团,000411.SZ,市净率-预测,PB_PREDICT",,英特集团,市净率-预测,10y,[prediction] 验证 市净率-预测 (table)
截至2023年底中国天楹的市盈率-预测,"中国天楹,000035.SZ,市盈率-预测,PE_PREDICT","<=,2023",中国天楹,市盈率-预测,until_2023,[prediction] 验证 市盈率-预测 (table)
查一下富奥股份的市盈率-预测,"富奥股份,000030.SZ,市盈率-预测,PE_PREDICT",,富奥股份,市盈率-预测,10y,[prediction] 验证 市盈率-预测 (table)
深赛格的预测值标识是多少,"深赛格,000058.SZ,预测值标识,PREDICT_FLAG",,深赛格,预测值标识,10y,[prediction] 验证 预测值标识 (table)
查一下大悦城的预测值标识,"大悦城,000031.SZ,预测值标识,PREDICT_FLAG",,大悦城,预测值标识,10y,[prediction] 验证 预测值标识 (table)
德赛电池最近一年的市销率-预测走势,"德赛电池,000049.SZ,市销率-预测,PS_PREDICT",,德赛电池,市销率-预测,1y,[prediction] 验证 市销率-预测 (table)
2023年国际实业的市销率-预测,"国际实业,000159.SZ,市销率-预测,PS_PREDICT",2023,国际实业,市销率-预测,2023,[prediction] 验证 市销率-预测 (table)
查一下农产品的扣非后净利润增速-预测,"农产品,000061.SZ,扣非后净利润增速-预测,RECURRENT_NET_INCOME_GROWTH_RATE_PREDICT",,农产品,扣非后净利润增速-预测,10y,[prediction] 验证 扣非后净利润增速-预测 (table)
深科技最新的扣非后净利润增速-预测,"深科技,000021.SZ,扣非后净利润增速-预测,RECURRENT_NET_INCOME_GROWTH_RATE_PREDICT","ORDER BY,LIMIT 1",深科技,扣非后净利润增速-预测,latest,[prediction] 验证 扣非后净利润增速-预测 (table)
截至2023年底国药一致的扣非后净利润-预测,"国药一致,000028.SZ,扣非后净利润-预测,RECURRENT_NET_INCOME_PREDICT","<=,2023",国药一致,扣非后净利润-预测,until_2023,[prediction] 验证 扣非后净利润-预测 (table)
招金黄金最近一年的扣非后净利润-预测走势,"招金黄金,000506.SZ,扣非后净利润-预测,RECURRENT_NET_INCOME_PREDICT",,招金黄金,扣非后净利润-预测,1y,[prediction] 验证 扣非后净利润-预测 (table)
查一下深圳华强的营业收入增速-预测,"深圳华强,000062.SZ,营业收入增速-预测,REVENUE_GROWTH_RATE_PREDICT",,深圳华强,营业收入增速-预测,10y,[prediction] 验证 营业收入增速-预测 (table)
全新好的营业收入增速-预测是多少,"全新好,000007.SZ,营业收入增速-预测,REVENUE_GROWTH_RATE_PREDICT",,全新好,营业收入增速-预测,10y,[prediction] 验证 营业收入增速-预测 (table)
2023年美的集团的营业收入-预测,"美的集团,000333.SZ,营业收入-预测,REVENUE_PREDICT",2023,美的集团,营业收入-预测,2023,[prediction] 验证 营业收入-预测 (table)
中信海直最近一年的营业收入-预测走势,"中信海直,000099.SZ,营业收入-预测,REVENUE_PREDICT",,中信海直,营业收入-预测,1y,[prediction] 验证 营业收入-预测 (table)
新金路最新的平均总资产收益率-预测,"新金路,000510.SZ,平均总资产收益率-预测,ROAA_PREDICT","ORDER BY,LIMIT 1",新金路,平均总资产收益率-预测,latest,[prediction] 验证 平均总资产收益率-预测 (table)
全新好最近一年的平均总资产收益率-预测走势,"全新好,000007.SZ,平均总资产收益率-预测,ROAA_PREDICT",,全新好,平均总资产收益率-预测,1y,[prediction] 验证 平均总资产收益率-预测 (table)
截至2023年底华联控股的平均净资产收益率-预测,"华联控股,000036.SZ,平均净资产收益率-预测,ROAE_PREDICT","<=,2023",华联控股,平均净资产收益率-预测,until_2023,[prediction] 验证 平均净资产收益率-预测 (table)
潍柴动力最近一年的平均净资产收益率-预测走势,"潍柴动力,000338.SZ,平均净资产收益率-预测,ROAE_PREDICT",,潍柴动力,平均净资产收益率-预测,1y,[prediction] 验证 平均净资产收益率-预测 (table)
截至2023年底富奥股份的毛利率,"富奥股份,000030.SZ,毛利率,GROSS_PROFIT_MARGIN","<=,2023",富奥股份,毛利率,until_2023,[main_business] 验证 毛利率 (bar)
北方国际最近一年的毛利率走势,"北方国际,000065.SZ,毛利率,GROSS_PROFIT_MARGIN",,北方国际,毛利率,1y,[main_business] 验证 毛利率 (bar)
深圳机场的毛利率增长率是多少,"深圳机场,000089.SZ,毛利率增长率,INC_PROFIT_MARGIN",,深圳机场,毛利率增长率,5y,[main_business] 验证 毛利率增长率 (bar)
深深房A最新的毛利率增长率,"深深房A,000029.SZ,毛利率增长率,INC_PROFIT_MARGIN","ORDER BY,LIMIT 1",深深房A,毛利率增长率,latest,[main_business] 验证 毛利率增长率 (bar)
合百集团最近一年的主营业务成本同比增长率走势,"合百集团,000417.SZ,主营业务成本同比增长率,INC_SEGMENT_COST",,合百集团,主营业务成本同比增长率,1y,[main_business] 验证 主营业务成本同比增长率 (bar)
华天酒店最新的主营业务成本同比增长率,"华天酒店,000428.SZ,主营业务成本同比增长率,INC_SEGMENT_COST","ORDER BY,LIMIT 1",华天酒店,主营业务成本同比增长率,latest,[main_business] 验证 主营业务成本同比增长率 (bar)
查一下常山北明的主营业务利润同比增长率,"常山北明,000158.SZ,主营业务利润同比增长率,INC_SEGMENT_PROFIT",,常山北明,主营业务利润同比增长率,5y,[main_business] 验证 主营业务利润同比增长率 (bar)
派林生物最新的主营业务利润同比增长率,"派林生物,000403.SZ,主营业务利润同比增长率,INC_SEGMENT_PROFIT","ORDER BY,LIMIT 1",派林生物,主营业务利润同比增长率,latest,[main_business] 验证 主营业务利润同比增长率 (bar)
查一下深科技的主营业务收入同比增长率,"深科技,000021.SZ,主营业务收入同比增长率,INC_SEGMENT_SALES",,深科技,主营业务收入同比增长率,5y,[main_business] 验证 主营业务收入同比增长率 (bar)
中金岭南最近一年的主营业务收入同比增长率走势,"中金岭南,000060.SZ,主营业务收入同比增长率,INC_SEGMENT_SALES",,中金岭南,主营业务收入同比增长率,1y,[main_business] 验证 主营业务收入同比增长率 (bar)
神州高铁最新的是否公布值,"神州高铁,000008.SZ,是否公布值,IS_PUBLISHED_VALUE","ORDER BY,LIMIT 1",神州高铁,是否公布值,latest,[main_business] 验证 是否公布值 (bar)
2023年京基智农的是否公布值,"京基智农,000048.SZ,是否公布值,IS_PUBLISHED_VALUE",2023,京基智农,是否公布值,2023,[main_business] 验证 是否公布值 (bar)
2023年中信海直的主营业务成本占比,"中信海直,000099.SZ,主营业务成本占比,PCT_SEGMENT_COST",2023,中信海直,主营业务成本占比,2023,[main_business] 验证 主营业务成本占比 (bar)
胜利股份最新的主营业务成本占比,"胜利股份,000407.SZ,主营业务成本占比,PCT_SEGMENT_COST","ORDER BY,LIMIT 1",胜利股份,主营业务成本占比,latest,[main_business] 验证 主营业务成本占比 (bar)
查一下渤海租赁的主营业务利润占比,"渤海租赁,000415.SZ,主营业务利润占比,PCT_SEGMENT_PROFIT",,渤海租赁,主营业务利润占比,5y,[main_business] 验证 主营业务利润占比 (bar)
中联重科最近一年的主营业务利润占比走势,"中联重科,000157.SZ,主营业务利润占比,PCT_SEGMENT_PROFIT",,中联重科,主营业务利润占比,1y,[main_business] 验证 主营业务利润占比 (bar)
东阿阿胶最新的主营业务收入占比,"东阿阿胶,000423.SZ,主营业务收入占比,PCT_SEGMENT_SALES","ORDER BY,LIMIT 1",东阿阿胶,主营业务收入占比,latest,[main_business] 验证 主营业务收入占比 (bar)
查一下皇庭国际的主营业务收入占比,"皇庭国际,000056.SZ,主营业务收入占比,PCT_SEGMENT_SALES",,皇庭国际,主营业务收入占比,5y,[main_business] 验证 主营业务收入占比 (bar)
神州高铁最新的报告期类型,"神州高铁,000008.SZ,报告期类型,REPORT_TYPE","ORDER BY,LIMIT 1",神州高铁,报告期类型,latest,[main_business] 验证 报告期类型 (bar)
合百集团的报告期类型是多少,"合百集团,000417.SZ,报告期类型,REPORT_TYPE",,合百集团,报告期类型,5y,[main_business] 验证 报告期类型 (bar)
2023年深华发A的主营业务成本,"深华发A,000020.SZ,主营业务成本,S_SEGMENT_COST",2023,深华发A,主营业务成本,2023,[main_business] 验证 主营业务成本 (bar)
2023年深圳华强的主营业务成本,"深圳华强,000062.SZ,主营业务成本,S_SEGMENT_COST",2023,深圳华强,主营业务成本,2023,[main_business] 验证 主营业务成本 (bar)
深中华A最近一年的主营业务项目走势,"深中华A,000017.SZ,主营业务项目,S_SEGMENT_ITEM",,深中华A,主营业务项目,1y,[main_business] 验证 主营业务项目 (bar)
胜利股份的主营业务项目是多少,"胜利股份,000407.SZ,主营业务项目,S_SEGMENT_ITEM",,胜利股份,主营业务项目,5y,[main_business] 验证 主营业务项目 (bar)
中国长城最新的主营业务利润,"中国长城,000066.SZ,主营业务利润,S_SEGMENT_PROFIT","ORDER BY,LIMIT 1",中国长城,主营业务利润,latest,[main_business] 验证 主营业务利润 (bar)
查一下深天马A的主营业务利润,"深天马A,000050.SZ,主营业务利润,S_SEGMENT_PROFIT",,深天马A,主营业务利润,5y,[main_business] 验证 主营业务利润 (bar)
2023年深圳能源的主营业务收入,"深圳能源,000027.SZ,主营业务收入,S_SEGMENT_SALES",2023,深圳能源,主营业务收入,2023,[main_business] 验证 主营业务收入 (bar)
东阿阿胶的主营业务收入是多少,"东阿阿胶,000423.SZ,主营业务收入,S_SEGMENT_SALES",,东阿阿胶,主营业务收入,5y,[main_business] 验证 主营业务收入 (bar)
